seq,old_address,alias,new_town,block,house,source_doc,source_page,confidence,note
1,大字上判田3200番地の6,判田台南4丁目6番11号,判田台南四丁目,6,11,hanndadai.pdf,,high,資料冒頭凡例「★は法人」
2,大字上判田3200番地の7,判田台南4丁目6番10号,判田台南四丁目,6,10,hanndadai.pdf,,high,
3,大字上判田3211番地の14,判田台南4丁目2番13号,判田台南四丁目,2,13,hanndadai.pdf,,high,
4,大字上判田3211番地の15,判田台南4丁目2番3号,判田台南四丁目,2,3,hanndadai.pdf,,high,
5,大字上判田3211番地の16,判田台南4丁目2番12号,判田台南四丁目,2,12,hanndadai.pdf,,high,
6,大字上判田3211番地の17,判田台南4丁目2番4号,判田台南四丁目,2,4,hanndadai.pdf,,high,
7,大字上判田3211番地の18,判田台南4丁目2番11号,判田台南四丁目,2,11,hanndadai.pdf,,high,
8,大字上判田3211番地の19,判田台南4丁目2番5号,判田台南四丁目,2,5,hanndadai.pdf,,high,
9,大字上判田3211番地の20,判田台南4丁目2番10号,判田台南四丁目,2,10,hanndadai.pdf,,high,
10,大字上判田3211番地の21,判田台南4丁目2番6号,判田台南四丁目,2,6,hanndadai.pdf,,high,
11,大字上判田3211番地の22,判田台南4丁目2番9号,判田台南四丁目,2,9,hanndadai.pdf,,high,
12,大字上判田3211番地の23,判田台南4丁目2番7号,判田台南四丁目,2,7,hanndadai.pdf,,high,
13,大字上判田3211番地の24,判田台南4丁目2番8号,判田台南四丁目,2,8,hanndadai.pdf,,high,
14,大字上判田3211番地の26,判田台南4丁目1番8号,判田台南四丁目,1,8,hanndadai.pdf,,high,
15,大字上判田3211番地の27,判田台南4丁目1番9号,判田台南四丁目,1,9,hanndadai.pdf,,high,
16,大字上判田3211番地の28,判田台南4丁目1番10号,判田台南四丁目,1,10,hanndadai.pdf,,high,
17,大字上判田3211番地の29,判田台南4丁目1番11号,判田台南四丁目,1,11,hanndadai.pdf,,high,
18,大字上判田3211番地の31,判田台南3丁目9番8号,判田台南三丁目,9,8,hanndadai.pdf,,high,
19,大字上判田3211番地の32,判田台南3丁目9番7号,判田台南三丁目,9,7,hanndadai.pdf,,high,
20,大字上判田3211番地の34,判田台南3丁目9番6号,判田台南三丁目,9,6,hanndadai.pdf,,high,
21,大字上判田3211番地の35,判田台南3丁目9番5号,判田台南三丁目,9,5,hanndadai.pdf,,high,
22,大字上判田3211番地の49,判田台南4丁目7番1号,判田台南四丁目,7,1,hanndadai.pdf,,high,
23,大字上判田3211番地の51,判田台南4丁目7番3号,判田台南四丁目,7,3,hanndadai.pdf,,high,
24,大字上判田3211番地の53,判田台南4丁目7番5号,判田台南四丁目,7,5,hanndadai.pdf,,high,
25,大字上判田3211番地の54,判田台南4丁目7番6号,判田台南四丁目,7,6,hanndadai.pdf,,high,
26,大字上判田3211番地の55,判田台南4丁目7番7号,判田台南四丁目,7,7,hanndadai.pdf,,high,
27,大字上判田3211番地の56,判田台南4丁目7番8号,判田台南四丁目,7,8,hanndadai.pdf,,high,
28,大字上判田3211番地の58,判田台南4丁目7番16号,判田台南四丁目,7,16,hanndadai.pdf,,high,
29,大字上判田3211番地の59,判田台南4丁目7番15号,判田台南四丁目,7,15,hanndadai.pdf,,high,
30,大字上判田3211番地の60,判田台南4丁目7番14号,判田台南四丁目,7,14,hanndadai.pdf,,high,
31,大字上判田3211番地の61,判田台南4丁目7番13号,判田台南四丁目,7,13,hanndadai.pdf,,high,
32,大字上判田3211番地の62,判田台南4丁目7番12号,判田台南四丁目,7,12,hanndadai.pdf,,high,
33,大字上判田3211番地の63,判田台南4丁目7番11号,判田台南四丁目,7,11,hanndadai.pdf,,high,
34,大字上判田3211番地の64,判田台南4丁目7番10号,判田台南四丁目,7,10,hanndadai.pdf,,high,
35,大字上判田3211番地の65,判田台南4丁目7番9号,判田台南四丁目,7,9,hanndadai.pdf,,high,
36,大字上判田3211番地の66,判田台南4丁目6番1号,判田台南四丁目,6,1,hanndadai.pdf,,high,
37,大字上判田3211番地の67,判田台南4丁目6番2号,判田台南四丁目,6,2,hanndadai.pdf,,high,
38,大字上判田3211番地の68,判田台南4丁目6番3号,判田台南四丁目,6,3,hanndadai.pdf,,high,
39,大字上判田3211番地の69,判田台南4丁目6番4号,判田台南四丁目,6,4,hanndadai.pdf,,high,
40,大字上判田3211番地の70,判田台南4丁目6番5号,判田台南四丁目,6,5,hanndadai.pdf,,high,
41,大字上判田3211番地の71,判田台南4丁目6番6号,判田台南四丁目,6,6,hanndadai.pdf,,high,
42,大字上判田3211番地の72,判田台南4丁目6番7号,判田台南四丁目,6,7,hanndadai.pdf,,high,資料上2回出現
43,大字上判田3211番地の75,判田台南4丁目6番9号,判田台南四丁目,6,9,hanndadai.pdf,,high,
44,大字上判田3211番地の76,判田台南4丁目6番8号,判田台南四丁目,6,8,hanndadai.pdf,,high,
45,大字上判田3211番地の78,判田台南4丁目3番2号,判田台南四丁目,3,2,hanndadai.pdf,,high,
46,大字上判田3211番地の79,判田台南4丁目3番12号,判田台南四丁目,3,12,hanndadai.pdf,,high,
47,大字上判田3211番地の80,判田台南4丁目3番11号,判田台南四丁目,3,11,hanndadai.pdf,,high,
48,大字上判田3211番地の81,判田台南4丁目3番10号,判田台南四丁目,3,10,hanndadai.pdf,,high,
49,大字上判田3211番地の82,判田台南4丁目3番9号,判田台南四丁目,3,9,hanndadai.pdf,,high,
50,大字上判田3211番地の83,判田台南4丁目3番8号,判田台南四丁目,3,8,hanndadai.pdf,,high,
51,大字上判田3211番地の84,判田台南4丁目3番3号,判田台南四丁目,3,3,hanndadai.pdf,,high,
52,大字上判田3211番地の85,判田台南4丁目3番4号,判田台南四丁目,3,4,hanndadai.pdf,,high,
53,大字上判田3211番地の86,判田台南4丁目3番5号,判田台南四丁目,3,5,hanndadai.pdf,,high,
54,大字上判田3211番地の87,判田台南4丁目3番6号,判田台南四丁目,3,6,hanndadai.pdf,,high,
55,大字上判田3211番地の88,判田台南4丁目3番7号,判田台南四丁目,3,7,hanndadai.pdf,,high,
56,大字上判田3211番地の89,判田台南4丁目4番1号,判田台南四丁目,4,1,hanndadai.pdf,,high,資料上2回出現
57,大字上判田3211番地の90,判田台南4丁目4番2号,判田台南四丁目,4,2,hanndadai.pdf,,high,
58,大字上判田3211番地の91,判田台南4丁目4番3号,判田台南四丁目,4,3,hanndadai.pdf,,high,
59,大字上判田3211番地の92,判田台南4丁目4番5号,判田台南四丁目,4,5,hanndadai.pdf,,high,
60,大字上判田3211番地の93,判田台南4丁目4番4号,判田台南四丁目,4,4,hanndadai.pdf,,high,
61,大字上判田3211番地の105,判田台南4丁目8番1号,判田台南四丁目,8,1,hanndadai.pdf,,high,
62,大字上判田3211番地の108,判田台南4丁目11番2号,判田台南四丁目,11,2,hanndadai.pdf,,high,
63,大字上判田3211番地の109,判田台南4丁目11番1号,判田台南四丁目,11,1,hanndadai.pdf,,high,
64,大字上判田3211番地の116,判田台南4丁目12番,判田台南四丁目,12,11,hanndadai.pdf,,high,
65,大字上判田3266番地の13,判田台南4丁目13番4号,判田台南四丁目,13,3,hanndadai.pdf,,high,
66,大字上判田3266番地の16,判田台南4丁目13番2号,判田台南四丁目,13,2,hanndadai.pdf,,high,
67,大字上判田3266番地の17,判田台南4丁目13番1号,判田台南四丁目,13,1,hanndadai.pdf,,high,
68,大字上判田3266番の19,判田台南4丁目16番1号,判田台南四丁目,16,1,hanndadai.pdf,,high,"1対多(旧住所表記違い: 3266番の19, 3266番地の19)、資料上★印(法人)"
69,大字上判田3266番地の19,判田台南4丁目16番1号,判田台南四丁目,16,1,hanndadai.pdf,,high,"1対多(旧住所表記違い: 3266番の19, 3266番地の19)"
70,大字上判田字ツタキ3266－20,,判田台南四丁目,15,1,hanndadai.pdf,,high,資料上★印(法人)、通称の記載なし
71,大字上判田3266番地の22,判田台南4丁目15番2号,判田台南四丁目,15,2,hanndadai.pdf,,high,"1対多(旧住所表記違い: 3266番地の22, 3266-22)"
72,大字上判田3266－22,判田台南4丁目15番2号,判田台南四丁目,15,2,hanndadai.pdf,,high,"1対多(旧住所表記違い: 3266番地の22, 3266-22)、資料上★印(法人)"
73,大字上判田3266番地の24,判田台南4丁目14番1号,判田台南四丁目,14,1,hanndadai.pdf,,high,
74,大字上判田3266番地の25,判田台南4丁目14番2号,判田台南四丁目,14,2,hanndadai.pdf,,high,
75,大字上判田3266番地の26,判田台南4丁目14番3号,判田台南四丁目,14,3,hanndadai.pdf,,high,
76,大字上判田3266番地の27,判田台南4丁目14番4号,判田台南四丁目,14,4,hanndadai.pdf,,high,
77,大字上判田3266番地の28,判田台南4丁目14番5号,判田台南四丁目,14,5,hanndadai.pdf,,high,
78,大字上判田3266番地の29,判田台南4丁目14番8号,判田台南四丁目,14,8,hanndadai.pdf,,high,
79,大字上判田3266番地の30,判田台南4丁目14番7号,判田台南四丁目,14,7,hanndadai.pdf,,high,
80,大字上判田3266番地の31,判田台南4丁目14番6号,判田台南四丁目,14,6,hanndadai.pdf,,high,
81,大字上判田3266番地の32,判田台南4丁目12番1号,判田台南四丁目,12,1,hanndadai.pdf,,high,
82,大字上判田3266番地の33,判田台南4丁目12番2号,判田台南四丁目,12,2,hanndadai.pdf,,high,
83,大字上判田3266番地の34,判田台南4丁目12番3号,判田台南四丁目,12,3,hanndadai.pdf,,high,
84,大字上判田3266番地の35,判田台南4丁目12番4号,判田台南四丁目,12,4,hanndadai.pdf,,high,
85,大字上判田3266番地の36,判田台南4丁目12番5号,判田台南四丁目,12,5,hanndadai.pdf,,high,
86,大字上判田3266番地の37,判田台南4丁目12番10号,判田台南四丁目,12,10,hanndadai.pdf,,high,
87,大字上判田3266番地の38,判田台南4丁目12番9号,判田台南四丁目,12,9,hanndadai.pdf,,high,
88,大字上判田3266番地の39,判田台南4丁目12番8号,判田台南四丁目,12,8,hanndadai.pdf,,high,
89,大字上判田3266番地の40,判田台南4丁目12番7号,判田台南四丁目,12,7,hanndadai.pdf,,high,
90,大字上判田3266番地の41,判田台南4丁目12番6号,判田台南四丁目,12,6,hanndadai.pdf,,high,
91,大字上判田3288番地の3,判田台南2丁目13番8号,判田台南二丁目,13,8,hanndadai.pdf,,high,
92,大字上判田3288番地の5,判田台南2丁目13番7号,判田台南二丁目,13,7,hanndadai.pdf,,high,
93,大字上判田3288番地の6,判田台南2丁目14番11号,判田台南二丁目,14,11,hanndadai.pdf,,high,
94,大字上判田3288番地の8,判田台南2丁目14番12号,判田台南二丁目,14,12,hanndadai.pdf,,high,
95,大字上判田3288番地の10,判田台南2丁目14番13号,判田台南二丁目,14,13,hanndadai.pdf,,high,
96,大字上判田3288番地の13,判田台南2丁目14番10号,判田台南二丁目,14,10,hanndadai.pdf,,high,
97,大字上判田3288番地の15,判田台南2丁目14番9号,判田台南二丁目,14,9,hanndadai.pdf,,high,
98,大字上判田3288番地の17,判田台南2丁目14番8号,判田台南二丁目,14,8,hanndadai.pdf,,high,
99,大字上判田3288番地の18,判田台南2丁目14番7号,判田台南二丁目,14,7,hanndadai.pdf,,high,
100,大字上判田3288番地の19,判田台南2丁目14番6号,判田台南二丁目,14,6,hanndadai.pdf,,high,
101,大字上判田3288番地の21,判田台南2丁目14番5号,判田台南二丁目,14,5,hanndadai.pdf,,high,
102,大字上判田3288番地の23,判田台南2丁目15番9号,判田台南二丁目,15,9,hanndadai.pdf,,high,
103,大字上判田3288番地の25,判田台南2丁目15番10号,判田台南二丁目,15,10,hanndadai.pdf,,high,
104,大字上判田3288番地の27,判田台南2丁目15番11号,判田台南二丁目,15,11,hanndadai.pdf,,high,
105,大字上判田3288番地の29,判田台南2丁目15番12号,判田台南二丁目,15,12,hanndadai.pdf,,high,
106,大字上判田3288番地の31,判田台南2丁目15番13号,判田台南二丁目,15,13,hanndadai.pdf,,high,
107,大字上判田3288番地の33,判田台南2丁目15番14号,判田台南二丁目,15,14,hanndadai.pdf,,high,
108,大字上判田3288番地の35,判田台南2丁目15番8号,判田台南二丁目,15,8,hanndadai.pdf,,high,
109,大字上判田3288番地の37,判田台南2丁目15番7号,判田台南二丁目,15,7,hanndadai.pdf,,high,
110,大字上判田3288番地の38,判田台南2丁目15番6号,判田台南二丁目,15,6,hanndadai.pdf,,high,
111,大字上判田3288番地の39,判田台南2丁目15番5号,判田台南二丁目,15,5,hanndadai.pdf,,high,
112,大字上判田3288番地の40,判田台南2丁目15番4号,判田台南二丁目,15,4,hanndadai.pdf,,high,
113,大字上判田3288番地の41,判田台南2丁目15番3号,判田台南二丁目,15,3,hanndadai.pdf,,high,
114,大字上判田3288番地の42,判田台南2丁目16番8号,判田台南二丁目,16,8,hanndadai.pdf,,high,
115,大字上判田3288番地の44,判田台南2丁目16番9号,判田台南二丁目,16,9,hanndadai.pdf,,high,
116,大字上判田3288番地の46,判田台南2丁目16番10号,判田台南二丁目,16,10,hanndadai.pdf,,high,
117,大字上判田3288番地の48,判田台南2丁目16番11号,判田台南二丁目,16,11,hanndadai.pdf,,high,
118,大字上判田3288番地の50,判田台南2丁目16番12号,判田台南二丁目,16,12,hanndadai.pdf,,high,
119,大字上判田3288番地の52,判田台南2丁目16番13号,判田台南二丁目,16,13,hanndadai.pdf,,high,
120,大字上判田3288番地の54,判田台南2丁目16番7号,判田台南二丁目,16,7,hanndadai.pdf,,high,
121,大字上判田3288番地の56,判田台南2丁目16番6号,判田台南二丁目,16,6,hanndadai.pdf,,high,
122,大字上判田3288番地の57,判田台南2丁目16番5号,判田台南二丁目,16,5,hanndadai.pdf,,high,
123,大字上判田3288番地の58,判田台南2丁目16番4号,判田台南二丁目,16,4,hanndadai.pdf,,high,
124,大字上判田3288番地の59,判田台南2丁目16番3号,判田台南二丁目,16,3,hanndadai.pdf,,high,
125,大字上判田3288番地の62,判田台南2丁目17番8号,判田台南二丁目,17,8,hanndadai.pdf,,high,
126,大字上判田3288番地の64,判田台南2丁目17番9号,判田台南二丁目,17,9,hanndadai.pdf,,high,
127,大字上判田3288番地の82,判田台南2丁目18番6号,判田台南二丁目,18,6,hanndadai.pdf,,high,
128,大字上判田3288番地の84,判田台南2丁目18番1号,判田台南二丁目,18,1,hanndadai.pdf,,high,
129,大字上判田3288番地の86,判田台南2丁目18番2号,判田台南二丁目,18,2,hanndadai.pdf,,high,
130,大字上判田3288番地の90,判田台南2丁目18番3号,判田台南二丁目,18,3,hanndadai.pdf,,high,
131,大字上判田3288番地の92,判田台南2丁目18番4号,判田台南二丁目,18,4,hanndadai.pdf,,high,
132,大字上判田3288番地の95,判田台南2丁目18番5号,判田台南二丁目,18,5,hanndadai.pdf,,high,
133,大字上判田3317番地の8,判田台南3丁目6番1号,判田台南三丁目,6,1,hanndadai.pdf,,high,
134,大字上判田3317番地の11,判田台南3丁目6番6号,判田台南三丁目,6,6,hanndadai.pdf,,high,
135,大字上判田3317番地の13,判田台南3丁目11番8号,判田台南三丁目,11,8,hanndadai.pdf,,high,
136,大字上判田3317番地の14,判田台南3丁目11番7号,判田台南三丁目,11,7,hanndadai.pdf,,high,
137,大字上判田3317番地の15,判田台南3丁目11番6号,判田台南三丁目,11,6,hanndadai.pdf,,high,
138,大字上判田3317番地の16,判田台南3丁目11番5号,判田台南三丁目,11,5,hanndadai.pdf,,high,
139,大字上判田3317番地の17,判田台南3丁目11番1号,判田台南三丁目,11,1,hanndadai.pdf,,high,"1対多(通称違い: 判田台南3丁目11番1号, 通称なし)、資料上2回出現"
140,大字上判田3317番地の17,,判田台南三丁目,11,1,hanndadai.pdf,,high,"1対多(通称違い: 判田台南3丁目11番1号, 通称なし)、資料上通称の記載なし"
141,大字上判田3317番地の18,判田台南3丁目11番2号,判田台南三丁目,11,2,hanndadai.pdf,,high,
142,大字上判田3317番地の19,判田台南3丁目11番3号,判田台南三丁目,11,3,hanndadai.pdf,,high,
143,大字上判田3317番地の20,判田台南3丁目11番4号,判田台南三丁目,11,4,hanndadai.pdf,,high,
144,大字上判田3317番地の31,判田台南3丁目7番1号,判田台南三丁目,7,1,hanndadai.pdf,,high,"1対多(通称違い: 判田台南3丁目7番1号, 通称なし)"
145,大字上判田3317－31,,判田台南三丁目,7,1,hanndadai.pdf,,high,"1対多(通称違い: 判田台南3丁目7番1号, 通称なし)、資料上★印(法人)、通称の記載なし"
146,大字上判田3317番地の33,判田台南3丁目12番4号,判田台南三丁目,12,4,hanndadai.pdf,,high,
147,大字上判田3317番地の35,判田台南3丁目13番2号,判田台南三丁目,13,2,hanndadai.pdf,,high,
148,大字上判田3317番地の37,判田台南3丁目13番3号,判田台南三丁目,13,3,hanndadai.pdf,,high,
149,大字上判田3317番地の39,判田台南3丁目13番4号,判田台南三丁目,13,4,hanndadai.pdf,,high,
150,大字上判田3317番地の42,判田台南3丁目13番5号,判田台南三丁目,13,5,hanndadai.pdf,,high,
151,大字上判田3317番地の44,判田台南2丁目17番5号,判田台南二丁目,17,5,hanndadai.pdf,,high,
152,大字上判田3317番地の46,判田台南2丁目17番4号,判田台南二丁目,17,4,hanndadai.pdf,,high,
153,大字上判田3317番地の48,判田台南2丁目17番3号,判田台南二丁目,17,3,hanndadai.pdf,,high,
154,大字上判田3317番地の50,判田台南2丁目17番6号,判田台南二丁目,17,6,hanndadai.pdf,,high,
155,大字上判田3317番地の52,判田台南2丁目17番7号,判田台南二丁目,17,7,hanndadai.pdf,,high,
156,大字上判田3317番地の64,判田台南3丁目10番1号,判田台南三丁目,10,1,hanndadai.pdf,,high,
157,大字上判田3317番地の66,判田台南3丁目7番6号,判田台南三丁目,7,6,hanndadai.pdf,,high,
158,大字上判田3317番地の67,判田台南3丁目7番5号,判田台南三丁目,7,5,hanndadai.pdf,,high,
159,大字上判田3317番地の68,判田台南3丁目7番4号,判田台南三丁目,7,4,hanndadai.pdf,,high,
160,大字上判田3317番地の69,判田台南3丁目7番3号,判田台南三丁目,7,3,hanndadai.pdf,,high,
161,大字上判田3317番地の70,判田台南3丁目7番2号,判田台南三丁目,7,2,hanndadai.pdf,,high,
162,大字上判田3317番地の71,判田台南3丁目3番5号,判田台南三丁目,3,5,hanndadai.pdf,,high,
163,大字上判田3317番地の74,判田台南2丁目18番7号,判田台南二丁目,18,7,hanndadai.pdf,,high,
164,大字上判田3317番地の77,判田台南2丁目18番8号,判田台南二丁目,18,8,hanndadai.pdf,,high,
165,大字上判田3317番地の80,判田台南3丁目13番1号,判田台南三丁目,13,1,hanndadai.pdf,,high,
166,大字上判田3317番地の84,判田台南3丁目12番3号,判田台南三丁目,12,3,hanndadai.pdf,,high,
167,大字上判田3317番地の86,判田台南3丁目12番2号,判田台南三丁目,12,2,hanndadai.pdf,,high,
168,大字上判田3317番地の88,判田台南3丁目12番1号,判田台南三丁目,12,1,hanndadai.pdf,,high,
169,大字上判田3317番地の91,判田台南3丁目10番6号,判田台南三丁目,10,6,hanndadai.pdf,,high,
170,大字上判田3317番地の93,判田台南3丁目10番5号,判田台南三丁目,10,5,hanndadai.pdf,,high,
171,大字上判田3317番地の94,判田台南3丁目10番4号,判田台南三丁目,10,4,hanndadai.pdf,,high,"1対多(旧住所表記違い: 3317番地の94, 3317-94)"
172,大字上判田3317－94,判田台南3丁目10番4号,判田台南三丁目,10,4,hanndadai.pdf,,high,"1対多(旧住所表記違い: 3317番地の94, 3317-94)、資料上★印(法人)"
173,大字上判田3317番地の95,判田台南3丁目10番3号,判田台南三丁目,10,3,hanndadai.pdf,,high,
174,大字上判田3317番地の96,判田台南3丁目10番2号,判田台南三丁目,10,2,hanndadai.pdf,,high,
175,大字上判田字トフノウ3317番99,,判田台南三丁目,8,6,hanndadai.pdf,,high,資料上★印(法人)、通称の記載なし
176,大字上判田3317番地の107,判田台南4丁目9番10号,判田台南四丁目,9,10,hanndadai.pdf,,high,"1対多(通称違い: 判田台南4丁目9番10号, 通称なし)、資料上2回出現(★印: 法人含む)"
177,大字上判田3317番地の107,,判田台南四丁目,9,10,hanndadai.pdf,,high,"1対多(通称違い: 判田台南4丁目9番10号, 通称なし)、資料上★印(法人)"
178,大字上判田3317番地の108,判田台南4丁目9番1号,判田台南四丁目,9,1,hanndadai.pdf,,high,
179,大字上判田3317番地の109,判田台南4丁目9番9号,判田台南四丁目,9,9,hanndadai.pdf,,high,
180,大字上判田3317番地の110,判田台南4丁目9番2号,判田台南四丁目,9,2,hanndadai.pdf,,high,
181,大字上判田3317番地の111,判田台南4丁目9番8号,判田台南四丁目,9,8,hanndadai.pdf,,high,
182,大字上判田3317番地の112,判田台南4丁目9番3号,判田台南四丁目,9,3,hanndadai.pdf,,high,
183,大字上判田3317番地の113,判田台南4丁目9番7号,判田台南四丁目,9,7,hanndadai.pdf,,high,
184,大字上判田3317番地の114,判田台南4丁目9番4号,判田台南四丁目,9,4,hanndadai.pdf,,high,
185,大字上判田3317番地の115,判田台南4丁目9番6号,判田台南四丁目,9,6,hanndadai.pdf,,high,
186,大字上判田3317番地の116,判田台南4丁目9番5号,判田台南四丁目,9,5,hanndadai.pdf,,high,
187,大字上判田3317番地の117,判田台南4丁目2番15号,判田台南四丁目,2,15,hanndadai.pdf,,high,
188,大字上判田3317番地の118,判田台南4丁目2番1号,判田台南四丁目,2,1,hanndadai.pdf,,high,
189,大字上判田3317番地の119,判田台南4丁目2番14号,判田台南四丁目,2,14,hanndadai.pdf,,high,
190,大字上判田3317番地の120,判田台南4丁目2番2号,判田台南四丁目,2,2,hanndadai.pdf,,high,
191,大字上判田3317番地の126,判田台南4丁目1番1号,判田台南四丁目,1,1,hanndadai.pdf,,high,
192,大字上判田3317番地の128,判田台南4丁目1番2号,判田台南四丁目,1,2,hanndadai.pdf,,high,
193,大字上判田3317番地の130,判田台南4丁目1番3号,判田台南四丁目,1,3,hanndadai.pdf,,high,
194,大字上判田3317番地の132,判田台南4丁目1番4号,判田台南四丁目,1,4,hanndadai.pdf,,high,
195,大字上判田3317番地の134,判田台南4丁目1番5号,判田台南四丁目,1,5,hanndadai.pdf,,high,
196,大字上判田3317番地の136,判田台南4丁目1番6号,判田台南四丁目,1,6,hanndadai.pdf,,high,
197,大字上判田3317番地の138,判田台南4丁目1番7号,判田台南四丁目,1,7,hanndadai.pdf,,high,
198,大字上判田3317番地の141,判田台南3丁目9番9号,判田台南三丁目,9,9,hanndadai.pdf,,high,
199,大字上判田3317番地の142,判田台南3丁目9番10号,判田台南三丁目,9,10,hanndadai.pdf,,high,
200,大字上判田3317番地の144,判田台南3丁目9番11号,判田台南三丁目,9,11,hanndadai.pdf,,high,
201,大字上判田3317番地の146,判田台南3丁目9番12号,判田台南三丁目,9,12,hanndadai.pdf,,high,
202,大字上判田3317番地の147,判田台南3丁目9番4号,判田台南三丁目,9,4,hanndadai.pdf,,high,
203,大字上判田3317番地の148,判田台南3丁目9番13号,判田台南三丁目,9,13,hanndadai.pdf,,high,
204,大字上判田3317番地の149,判田台南3丁目9番3号,判田台南三丁目,9,3,hanndadai.pdf,,high,
205,大字上判田3317番地の150,判田台南3丁目9番1号,判田台南三丁目,9,1,hanndadai.pdf,,high,
206,大字上判田3317番地の151,判田台南3丁目9番2号,判田台南三丁目,9,2,hanndadai.pdf,,high,
207,大字上判田3317番地の152,判田台南3丁目8番2号,判田台南三丁目,8,2,hanndadai.pdf,,high,
208,大字上判田3317番地の153,判田台南3丁目8番1号,判田台南三丁目,8,1,hanndadai.pdf,,high,資料上2回出現
209,大字上判田3317番地の156,判田台南4丁目10番3号,判田台南四丁目,10,3,hanndadai.pdf,,high,
210,大字上判田3317番地の157,判田台南4丁目10－2,判田台南四丁目,10,2,hanndadai.pdf,,high,
211,大字上判田3317番地の158,判田台南4丁目10番1号,判田台南四丁目,10,1,hanndadai.pdf,,high,
212,大字上判田3317番地の162,判田台南4丁目7番2号,判田台南四丁目,7,2,hanndadai.pdf,,high,
213,大字上判田3347番地の5,,判田台南三丁目,3,6,hanndadai.pdf,,high,資料上★印(法人)、通称の記載なし
214,大字上判田3347番地の31,判田台北4丁目11番6号,判田台北四丁目,11,6,hanndadai.pdf,,high,
215,大字上判田3347番地の33,判田台北4丁目11番7号,判田台北四丁目,11,7,hanndadai.pdf,,high,
216,大字上判田3347番地の35,判田台北4丁目11番8号,判田台北四丁目,11,8,hanndadai.pdf,,high,
217,大字上判田3347番地の42,判田台北4丁目9番7号,判田台北四丁目,9,7,hanndadai.pdf,,high,
218,大字上判田3347番地の47,判田台南2丁目9番1号,判田台南二丁目,9,1,hanndadai.pdf,,high,
219,大字上判田3347番地の48,判田台南2丁目9番16号,判田台南二丁目,9,16,hanndadai.pdf,,high,
220,大字上判田3347番地の49,判田台南2丁目9番15号,判田台南二丁目,9,15,hanndadai.pdf,,high,
221,大字上判田3347番地の50,判田台南2丁目9番14号,判田台南二丁目,9,14,hanndadai.pdf,,high,
222,大字上判田3347番地の51,判田台南2丁目9番13号,判田台南二丁目,9,13,hanndadai.pdf,,high,
223,大字上判田3347番地の52,判田台南2丁目9番12号,判田台南二丁目,9,12,hanndadai.pdf,,high,
224,大字上判田3347番地の53,判田台南2丁目9番11号,判田台南二丁目,9,11,hanndadai.pdf,,high,
225,大字上判田3347番地の54,判田台南2丁目9番10号,判田台南二丁目,9,10,hanndadai.pdf,,high,
226,大字上判田3347番地の55,判田台南2丁目9番2号,判田台南二丁目,9,2,hanndadai.pdf,,high,
227,大字上判田3347番地の56,判田台南2丁目9番3号,判田台南二丁目,9,3,hanndadai.pdf,,high,
228,大字上判田3347番地の57,判田台南2丁目9番4号,判田台南二丁目,9,4,hanndadai.pdf,,high,
229,大字上判田3347番地の58,判田台南2丁目9番5号,判田台南二丁目,9,5,hanndadai.pdf,,high,
230,大字上判田3347番地の59,判田台南2丁目9番6号,判田台南二丁目,9,6,hanndadai.pdf,,high,
231,大字上判田3347番地の60,判田台南2丁目9番7号,判田台南二丁目,9,7,hanndadai.pdf,,high,
232,大字上判田3347番地の61,判田台南2丁目9番8号,判田台南二丁目,9,8,hanndadai.pdf,,high,
233,大字上判田3347番地の62,判田台南2丁目9番9号,判田台南二丁目,9,9,hanndadai.pdf,,high,
234,大字上判田3347番地の63,判田台南2丁目5番8号,判田台南二丁目,5,8,hanndadai.pdf,,high,
235,大字上判田3347番地の64,判田台南2丁目5番7号,判田台南二丁目,5,7,hanndadai.pdf,,high,
236,大字上判田3347番地の66,判田台南2丁目5番3号,判田台南二丁目,5,3,hanndadai.pdf,,high,
237,大字上判田3347番地の67,判田台南2丁目5番4号,判田台南二丁目,5,4,hanndadai.pdf,,high,
238,大字上判田3347番地の68,判田台南2丁目5番5号,判田台南二丁目,5,5,hanndadai.pdf,,high,
239,大字上判田3347番地の71,判田台南2丁目6番9号,判田台南二丁目,6,9,hanndadai.pdf,,high,
240,大字上判田3347番地の72,判田台南2丁目6番8号,判田台南二丁目,6,8,hanndadai.pdf,,high,
241,大字上判田3347番地の73,判田台南2丁目6番7号,判田台南二丁目,6,7,hanndadai.pdf,,high,
242,大字上判田3347番地の74,判田台南2丁目4番5号,判田台南二丁目,4,5,hanndadai.pdf,,high,
243,大字上判田3347番地の80,判田台南3丁目4番1号,判田台南三丁目,4,1,hanndadai.pdf,,high,
244,大字上判田3347番地の81,判田台南3丁目4番2号,判田台南三丁目,4,2,hanndadai.pdf,,high,
245,大字上判田3347番地の82,判田台南3丁目2番10号,判田台南三丁目,2,10,hanndadai.pdf,,high,
246,大字上判田3347番地の83,判田台南3丁目2番9号,判田台南三丁目,2,9,hanndadai.pdf,,high,
247,大字上判田3347番地の84,判田台南3丁目2番8号,判田台南三丁目,2,8,hanndadai.pdf,,high,
248,大字上判田3347番地の85,判田台南3丁目2番7号,判田台南三丁目,2,7,hanndadai.pdf,,high,
249,大字上判田3347番地の86,判田台南3丁目2番1号,判田台南三丁目,2,1,hanndadai.pdf,,high,
250,大字上判田3347番地の87,判田台南3丁目2番2号,判田台南三丁目,2,2,hanndadai.pdf,,high,
251,大字上判田3347番地の88,判田台南3丁目2番3号,判田台南三丁目,2,3,hanndadai.pdf,,high,
252,大字上判田3347番地の89,判田台南3丁目2番4号,判田台南三丁目,2,4,hanndadai.pdf,,high,
253,大字上判田3347番地の90,判田台南3丁目2番5号,判田台南三丁目,2,5,hanndadai.pdf,,high,
254,大字上判田3347番地の91,判田台南3丁目2番6号,判田台南三丁目,2,6,hanndadai.pdf,,high,
255,大字上判田3347番地の94,判田台南3丁目1番3号,判田台南三丁目,1,3,hanndadai.pdf,,high,
256,大字上判田3347番地の95,判田台南3丁目1番4号,判田台南三丁目,1,4,hanndadai.pdf,,high,
257,大字上判田3347番地の96,判田台南3丁目1番5号,判田台南三丁目,1,5,hanndadai.pdf,,high,
258,大字上判田3347番地の97,判田台南3丁目1番6号,判田台南三丁目,1,6,hanndadai.pdf,,high,"1対多(通称違い: 判田台南3丁目1番6号, 通称なし)、資料上2回出現(★印: 法人含む)"
259,大字上判田3347番地の97,,判田台南三丁目,1,6,hanndadai.pdf,,high,"1対多(通称違い: 判田台南3丁目1番6号, 通称なし)、資料上★印(法人)"
260,大字上判田3347番地の98,判田台南3丁目1番7号,判田台南三丁目,1,7,hanndadai.pdf,,high,
261,大字上判田3347番地の102,判田台南3丁目2番11号,判田台南三丁目,2,11,hanndadai.pdf,,high,
262,大字上判田3347番地の104,判田台南2丁目10番1号,判田台南二丁目,10,1,hanndadai.pdf,,high,
263,大字上判田3347番地の106,判田台南2丁目10番2号,判田台南二丁目,10,2,hanndadai.pdf,,high,
264,大字上判田3347番地の108,判田台南2丁目10番3号,判田台南二丁目,10,3,hanndadai.pdf,,high,
265,大字上判田3347番地の110,判田台南2丁目10番4号,判田台南二丁目,10,4,hanndadai.pdf,,high,
266,大字上判田3347番地の112,判田台南2丁目6番2号,判田台南二丁目,6,2,hanndadai.pdf,,high,
267,大字上判田3347番地の113,判田台南2丁目6番3号,判田台南二丁目,6,3,hanndadai.pdf,,high,
268,大字上判田3347番地の114,判田台南2丁目6番4号,判田台南二丁目,6,4,hanndadai.pdf,,high,
269,大字上判田3347番地の115,判田台南2丁目6番5号,判田台南二丁目,6,5,hanndadai.pdf,,high,
270,大字上判田3347番地の116,判田台南2丁目6番6号,判田台南二丁目,6,6,hanndadai.pdf,,high,
271,大字上判田3347番地の117,判田台南2丁目7番1号,判田台南二丁目,7,1,hanndadai.pdf,,high,
272,大字上判田3347番地の118,判田台南2丁目7番2号,判田台南二丁目,7,2,hanndadai.pdf,,high,
273,大字上判田3347番地の119,判田台南2丁目7番3号,判田台南二丁目,7,3,hanndadai.pdf,,high,
274,大字上判田3347番地の120,判田台南2丁目7番4号,判田台南二丁目,7,4,hanndadai.pdf,,high,
275,大字上判田3347番地の121,判田台南2丁目7番5号,判田台南二丁目,7,5,hanndadai.pdf,,high,
276,大字上判田3347番地の122,判田台南2丁目7番6号,判田台南二丁目,7,6,hanndadai.pdf,,high,
277,大字上判田3347番地の129,判田台南3丁目5番1号,判田台南三丁目,5,1,hanndadai.pdf,,high,
278,大字上判田3347番地の130,判田台南3丁目5番2号,判田台南三丁目,5,2,hanndadai.pdf,,high,
279,大字上判田3347番地の131,判田台南3丁目5番3号,判田台南三丁目,5,3,hanndadai.pdf,,high,
280,大字上判田3347番地の132,判田台南3丁目5番4号,判田台南三丁目,5,4,hanndadai.pdf,,high,
281,大字上判田3347番地の133,判田台南3丁目5番5号,判田台南三丁目,5,5,hanndadai.pdf,,high,
282,大字上判田3347番地の134,判田台南3丁目6番12号,判田台南三丁目,6,12,hanndadai.pdf,,high,
283,大字上判田3347番地の136,判田台南3丁目6番11号,判田台南三丁目,6,11,hanndadai.pdf,,high,
284,大字上判田3347番地の137,判田台南3丁目6番10号,判田台南三丁目,6,10,hanndadai.pdf,,high,
285,大字上判田3347番地の138,判田台南3丁目6番9号,判田台南三丁目,6,9,hanndadai.pdf,,high,
286,大字上判田3347番地の139,判田台南3丁目6番8号,判田台南三丁目,6,8,hanndadai.pdf,,high,
287,大字上判田3347番地の140,判田台南3丁目6番7号,判田台南三丁目,6,7,hanndadai.pdf,,high,
288,大字上判田3347番地の141,判田台南3丁目6番2号,判田台南三丁目,6,2,hanndadai.pdf,,high,
289,大字上判田3347番地の142,判田台南3丁目6番3号,判田台南三丁目,6,3,hanndadai.pdf,,high,
290,大字上判田3347番地の143,判田台南3丁目6番4号,判田台南三丁目,6,4,hanndadai.pdf,,high,
291,大字上判田3347番地の144,判田台南3丁目6番5号,判田台南三丁目,6,5,hanndadai.pdf,,high,
292,大字上判田3347番地の152,判田台南2丁目8番1号,判田台南二丁目,8,1,hanndadai.pdf,,high,
293,大字上判田3347番地の153,判田台南2丁目8番2号,判田台南二丁目,8,2,hanndadai.pdf,,high,
294,大字上判田3347番地の154,判田台南2丁目8番14号,判田台南二丁目,8,14,hanndadai.pdf,,high,
295,大字上判田3347番地の155,判田台南2丁目8番13号,判田台南二丁目,8,13,hanndadai.pdf,,high,
296,大字上判田3347番地の156,判田台南2丁目12番1号,判田台南二丁目,12,1,hanndadai.pdf,,high,
297,大字上判田3347番地の157,判田台南2丁目12番6号,判田台南二丁目,12,6,hanndadai.pdf,,high,
298,大字上判田3347番地の158,判田台南2丁目12番5号,判田台南二丁目,12,5,hanndadai.pdf,,high,
299,大字上判田3347番地の159,判田台南2丁目12番2号,判田台南二丁目,12,2,hanndadai.pdf,,high,
300,大字上判田3347番地の160,判田台南2丁目12番4号,判田台南二丁目,12,4,hanndadai.pdf,,high,
301,大字上判田3347番地の161,判田台南2丁目12番3号,判田台南二丁目,12,3,hanndadai.pdf,,high,資料上2回出現
302,大字上判田3347番地の162,判田台南2丁目13番14号,判田台南二丁目,13,14,hanndadai.pdf,,high,
303,大字上判田3347番地の164,判田台南2丁目13番15号,判田台南二丁目,13,15,hanndadai.pdf,,high,
304,大字上判田3347番地の166,判田台南2丁目13番13号,判田台南二丁目,13,13,hanndadai.pdf,,high,
305,大字上判田3347番地の168,判田台南2丁目13番12号,判田台南二丁目,13,12,hanndadai.pdf,,high,
306,大字上判田3347番地の170,判田台南2丁目13番11号,判田台南二丁目,13,11,hanndadai.pdf,,high,
307,大字上判田3347番地の172,判田台南2丁目13番10号,判田台南二丁目,13,10,hanndadai.pdf,,high,
308,大字上判田3347番地の174,判田台南2丁目13番9号,判田台南二丁目,13,9,hanndadai.pdf,,high,
309,大字上判田3347番地の179,判田台南2丁目13番6号,判田台南二丁目,13,6,hanndadai.pdf,,high,
310,大字上判田3347番地の180,判田台南2丁目13番5号,判田台南二丁目,13,5,hanndadai.pdf,,high,
311,大字上判田3347番地の181,判田台南2丁目13番4号,判田台南二丁目,13,4,hanndadai.pdf,,high,
312,大字上判田3347番地の182,判田台南2丁目13番3号,判田台南二丁目,13,3,hanndadai.pdf,,high,
313,大字上判田3347番地の183,判田台南2丁目13番2号,判田台南二丁目,13,2,hanndadai.pdf,,high,
314,大字上判田3347番地の184,判田台南2丁目13番1号,判田台南二丁目,13,1,hanndadai.pdf,,high,
315,大字上判田3347番地の186,判田台南2丁目11番4号,判田台南二丁目,11,4,hanndadai.pdf,,high,資料上2回出現
316,大字上判田3347番地の187,判田台南2丁目11番3号,判田台南二丁目,11,3,hanndadai.pdf,,high,
317,大字上判田3347番地の188,判田台南2丁目11番2号,判田台南二丁目,11,2,hanndadai.pdf,,high,
318,大字上判田3347番地の189,判田台南2丁目11番1号,判田台南二丁目,11,1,hanndadai.pdf,,high,
319,大字上判田3347番地の190,判田台南2丁目14番1号,判田台南二丁目,14,1,hanndadai.pdf,,high,
320,大字上判田3347番地の192,判田台南2丁目14番17号,判田台南二丁目,14,17,hanndadai.pdf,,high,
321,大字上判田3347番地の194,判田台南2丁目14番16号,判田台南二丁目,14,16,hanndadai.pdf,,high,
322,大字上判田3347番地の196,判田台南2丁目14番15号,判田台南二丁目,14,15,hanndadai.pdf,,high,
323,大字上判田3347番地の198,判田台南2丁目14番14号,判田台南二丁目,14,14,hanndadai.pdf,,high,
324,大字上判田3347番地の201,判田台南2丁目14番4号,判田台南二丁目,14,4,hanndadai.pdf,,high,
325,大字上判田3347番地の202,判田台南2丁目14番3号,判田台南二丁目,14,3,hanndadai.pdf,,high,
326,大字上判田3347番地の203,判田台南2丁目14番2号,判田台南二丁目,14,2,hanndadai.pdf,,high,
327,大字上判田3347番地の205,判田台南2丁目15番1号,判田台南二丁目,15,1,hanndadai.pdf,,high,
328,大字上判田3347番地の210,判田台南2丁目15番2号,判田台南二丁目,15,2,hanndadai.pdf,,high,
329,大字上判田3347番地の212,判田台南2丁目16番1号,判田台南二丁目,16,1,hanndadai.pdf,,high,
330,大字上判田3347番地の217,判田台南2丁目16番2号,判田台南二丁目,16,2,hanndadai.pdf,,high,
331,大字上判田3347番地の219,判田台南2丁目17番1号,判田台南二丁目,17,1,hanndadai.pdf,,high,
332,大字上判田3347番地の221,判田台南2丁目17番2号,判田台南二丁目,17,2,hanndadai.pdf,,high,
333,大字上判田3347番地の247,判田台南2丁目8番6号,判田台南二丁目,8,6,hanndadai.pdf,,high,
334,大字上判田3347番地の252,判田台南2丁目3番5号,判田台南二丁目,3,5,hanndadai.pdf,,high,
335,大字上判田3347番地の254,判田台南2丁目8番3号,判田台南二丁目,8,3,hanndadai.pdf,,high,
336,大字上判田3347番地の255,判田台南2丁目8番4号,判田台南二丁目,8,4,hanndadai.pdf,,high,
337,大字上判田3347番地の257,判田台南2丁目8番5号,判田台南二丁目,8,5,hanndadai.pdf,,high,
338,大字上判田3347番地の264,判田台南3丁目3番4号,判田台南三丁目,3,4,hanndadai.pdf,,high,
339,大字上判田3347番地の265,判田台南3丁目3番3号,判田台南三丁目,3,3,hanndadai.pdf,,high,
340,大字上判田3347番地の266,判田台南3丁目3番2号,判田台南三丁目,3,2,hanndadai.pdf,,high,
341,大字上判田3347番地の267,判田台南3丁目3番1号,判田台南三丁目,3,1,hanndadai.pdf,,high,
342,大字上判田3347番地の269,判田台南3丁目4番3号,判田台南三丁目,4,3,hanndadai.pdf,,high,
343,大字上判田3347番地の282,判田台南2丁目8番7号,判田台南二丁目,8,7,hanndadai.pdf,,high,
344,大字上判田3347番地の283,判田台南2丁目8番8号,判田台南二丁目,8,8,hanndadai.pdf,,high,
345,大字上判田3347番地の284,判田台南2丁目8番9号,判田台南二丁目,8,9,hanndadai.pdf,,high,
346,大字上判田3347番地の285,判田台南2丁目8番10号,判田台南二丁目,8,10,hanndadai.pdf,,high,
347,大字上判田3347番地の288,判田台南2丁目8番12号,判田台南二丁目,8,12,hanndadai.pdf,,high,
348,大字上判田3347番地の294,判田台南2丁目7番7号,判田台南二丁目,7,7,hanndadai.pdf,,high,
349,大字上判田3347番地の295,判田台南2丁目7番8号,判田台南二丁目,7,8,hanndadai.pdf,,high,
350,大字上判田3347番地の297,判田台南2丁目7番9号,判田台南二丁目,7,9,hanndadai.pdf,,high,
351,大字上判田3347番地の298,判田台南2丁目7番10号,判田台南二丁目,7,10,hanndadai.pdf,,high,
352,大字上判田3347番地の300,判田台南2丁目7番11号,判田台南二丁目,7,11,hanndadai.pdf,,high,
353,大字上判田3347番地の301,判田台南2丁目7番12号,判田台南二丁目,7,12,hanndadai.pdf,,high,
354,大字上判田3347番地の302,判田台南2丁目3番4号,判田台南二丁目,3,4,hanndadai.pdf,,high,
355,大字中判田1810番地,,判田台東一丁目,2,2,hanndadai.pdf,,high,資料上★印(法人)、通称の記載なし
356,大字中判田1818番地,,判田台東一丁目,2,1,hanndadai.pdf,,high,資料上★印(法人)、通称の記載なし
357,大字中判田1832番地の5,判田台東1丁目,判田台東一丁目,1,13,hanndadai.pdf,,high,
358,大字中判田1839番地の7,判田台北2丁目2番1号,判田台北二丁目,2,1,hanndadai.pdf,,high,
359,大字中判田1839番地の16,判田台北2丁目1番5号,判田台北二丁目,1,5,hanndadai.pdf,,high,
360,大字中判田1839番地の18,判田台北2丁目1番3号,判田台北二丁目,1,3,hanndadai.pdf,,high,
361,大字中判田1839番地の19,判田台北2丁目1番2号,判田台北二丁目,1,2,hanndadai.pdf,,high,
362,大字中判田1839番地の20,判田台北2丁目1番1号,判田台北二丁目,1,1,hanndadai.pdf,,high,
363,大字中判田1839番地の35,,判田台東一丁目,1,4,hanndadai.pdf,,high,資料上★印(法人)、通称の記載なし
364,大字中判田1839番地の36,判田台東1丁目1番5号,判田台東一丁目,1,5,hanndadai.pdf,,high,
365,大字中判田1839番地の37,判田台東1丁目1番6号,判田台東一丁目,1,6,hanndadai.pdf,,high,
366,大字中判田1839番地の38,判田台東1丁目1番11号,判田台東一丁目,1,7,hanndadai.pdf,,high,
367,大字中判田1839番地の39,判田台東1丁目1番8号,判田台東一丁目,1,8,hanndadai.pdf,,high,
368,大字中判田1839番地の44,判田台北2丁目1番4号,判田台北二丁目,1,4,hanndadai.pdf,,high,
369,大字中判田1839番地の47,判田台東1丁目1番1号,判田台東一丁目,1,1,hanndadai.pdf,,high,
370,大字中判田1839番地の48,判田台東1丁目1番3号,判田台東一丁目,1,3,hanndadai.pdf,,high,
371,大字中判田1839番地の51,判田台東2丁目6番2号,判田台東二丁目,6,2,hanndadai.pdf,,high,
372,大字中判田1839番地の53,判田台東2丁目4番1号,判田台東二丁目,4,1,hanndadai.pdf,,high,
373,大字中判田1839番地の56,判田台東2丁目6番1号,判田台東二丁目,6,1,hanndadai.pdf,,high,
374,大字中判田1839番地の60,判田台東2丁目1番12号,判田台東二丁目,1,12,hanndadai.pdf,,high,
375,大字中判田1839番地の61,判田台東2丁目1番1号,判田台東二丁目,1,1,hanndadai.pdf,,high,
376,大字中判田1839番地の63,判田台東2丁目2番2号,判田台東二丁目,2,2,hanndadai.pdf,,high,
377,大字中判田1839番地の65,判田台東2丁目2番1号,判田台東二丁目,2,1,hanndadai.pdf,,high,
378,大字中判田1839番地の66,判田台東2丁目3番2号,判田台東二丁目,3,2,hanndadai.pdf,,high,
379,大字中判田1839番地の67,判田台東2丁目3番1号,判田台東二丁目,3,1,hanndadai.pdf,,high,
380,大字中判田1839番地の69,判田台東2丁目3番12号,判田台東二丁目,3,12,hanndadai.pdf,,high,
381,大字中判田1839番地の77,判田台東2丁目1番3号,判田台東二丁目,1,3,hanndadai.pdf,,high,
382,大字中判田1839番地の78,判田台東2丁目1番2号,判田台東二丁目,1,2,hanndadai.pdf,,high,
383,大字中判田1839番地の85,判田台東1丁目1番9号,判田台東一丁目,1,9,hanndadai.pdf,,high,
384,大字中判田字沼ケ迫1839番89,,判田台北一丁目,1,3,hanndadai.pdf,,high,資料上★印(法人)、通称の記載なし
385,大字中判田1839番地の102,判田台東1丁目1番10号,判田台東一丁目,1,10,hanndadai.pdf,,high,
386,大字中判田2038番地の2,判田台北4丁目5番2号,判田台北四丁目,5,2,hanndadai.pdf,,high,
387,大字中判田2038番地の6,判田台北4丁目4番2号,判田台北四丁目,4,2,hanndadai.pdf,,high,
388,大字中判田2038番地の8,判田台北4丁目4番8号,判田台北四丁目,4,8,hanndadai.pdf,,high,
389,大字中判田2038番地の9,判田台北4丁目4番1号,判田台北四丁目,4,1,hanndadai.pdf,,high,
390,大字中判田2038番地の11,判田台北4丁目3番3号,判田台北四丁目,3,3,hanndadai.pdf,,high,
391,大字中判田2038番地の12,判田台北4丁目3番2号,判田台北四丁目,3,2,hanndadai.pdf,,high,
392,大字中判田2038番地の13,判田台北4丁目3番7号,判田台北四丁目,3,7,hanndadai.pdf,,high,
393,大字中判田2038番地の14,判田台北4丁目3番8号,判田台北四丁目,3,8,hanndadai.pdf,,high,
394,大字中判田2038番地の15,判田台北4丁目3番1号,判田台北四丁目,3,1,hanndadai.pdf,,high,
395,大字中判田2038番地の16,判田台北4丁目2番4号,判田台北四丁目,2,4,hanndadai.pdf,,high,
396,大字中判田2038番地の17,判田台北4丁目2番3号,判田台北四丁目,2,3,hanndadai.pdf,,high,
397,大字中判田2038番地の18,判田台北4丁目2番2号,判田台北四丁目,2,2,hanndadai.pdf,,high,
398,大字中判田2038番地の19,判田台北4丁目2番1号,判田台北四丁目,2,1,hanndadai.pdf,,high,
399,大字中判田2038番地の25,判田台北4丁目8番2号,判田台北四丁目,8,2,hanndadai.pdf,,high,
400,大字中判田2038番地の26,判田台北4丁目8番3号,判田台北四丁目,8,3,hanndadai.pdf,,high,
401,大字中判田2038番地の28,判田台北4丁目8番4号,判田台北四丁目,8,4,hanndadai.pdf,,high,
402,大字中判田2038番地の29,判田台北4丁目8番5号,判田台北四丁目,8,5,hanndadai.pdf,,high,
403,大字中判田2038番地の30,判田台北4丁目8番6号,判田台北四丁目,8,6,hanndadai.pdf,,high,
404,大字中判田2038番地の32,判田台北4丁目8番7号,判田台北四丁目,8,7,hanndadai.pdf,,high,
405,大字中判田2038番地の34,判田台北4丁目8番8号,判田台北四丁目,8,8,hanndadai.pdf,,high,
406,大字中判田2038番地の35,判田台北4丁目8番9号,判田台北四丁目,8,9,hanndadai.pdf,,high,
407,大字中判田2038番地の36,判田台北4丁目8番10号,判田台北四丁目,8,10,hanndadai.pdf,,high,
408,大字中判田2038番地の38,判田台北4丁目8番11号,判田台北四丁目,8,11,hanndadai.pdf,,high,
409,大字中判田2038番地の39,判田台北4丁目8番12号,判田台北四丁目,8,12,hanndadai.pdf,,high,
410,大字中判田2038番地の40,判田台北4丁目8番13号,判田台北四丁目,8,13,hanndadai.pdf,,high,
411,大字中判田2038番地の42,判田台北4丁目9番1号,判田台北四丁目,9,1,hanndadai.pdf,,high,
412,大字中判田2038番地の43,判田台北4丁目9番2号,判田台北四丁目,9,2,hanndadai.pdf,,high,
413,大字中判田2038番地の44,判田台北4丁目9番3号,判田台北四丁目,9,3,hanndadai.pdf,,high,
414,大字中判田2038番地の45,判田台北4丁目9番4号,判田台北四丁目,9,4,hanndadai.pdf,,high,
415,大字中判田2038番地の46,判田台北4丁目9番5号,判田台北四丁目,9,5,hanndadai.pdf,,high,
416,大字中判田2038番地の47,判田台北4丁目9番6号,判田台北四丁目,9,6,hanndadai.pdf,,high,
417,大字中判田2038番地の49,判田台北4丁目9番8号,判田台北四丁目,9,8,hanndadai.pdf,,high,
418,大字中判田2038番地の50,判田台北4丁目9番9号,判田台北四丁目,9,9,hanndadai.pdf,,high,
419,大字中判田2038番地の51,判田台北4丁目9番10号,判田台北四丁目,9,10,hanndadai.pdf,,high,
420,大字中判田2038番地の52,判田台北4丁目9番11号,判田台北四丁目,9,11,hanndadai.pdf,,high,
421,大字中判田2038番地の53,判田台北4丁目9番12号,判田台北四丁目,9,12,hanndadai.pdf,,high,
422,大字中判田2038番地の54,判田台北4丁目9番13号,判田台北四丁目,9,13,hanndadai.pdf,,high,
423,大字中判田2038番地の55,判田台北4丁目10番1号,判田台北四丁目,10,1,hanndadai.pdf,,high,
424,大字中判田2038番地の56,判田台北4丁目10番2号,判田台北四丁目,10,2,hanndadai.pdf,,high,
425,大字中判田2038番地の57,判田台北4丁目10番3号,判田台北四丁目,10,3,hanndadai.pdf,,high,
426,大字中判田2038番地の58,判田台北4丁目10番4号,判田台北四丁目,10,4,hanndadai.pdf,,high,
427,大字中判田2038番地の59,判田台北4丁目10番5号,判田台北四丁目,10,5,hanndadai.pdf,,high,
428,大字中判田2038番地の60,判田台北4丁目10番6号,判田台北四丁目,10,6,hanndadai.pdf,,high,
429,大字中判田2038番地の61,判田台北4丁目11番1号,判田台北四丁目,11,1,hanndadai.pdf,,high,
430,大字中判田2038番地の63,判田台北4丁目11番2号,判田台北四丁目,11,2,hanndadai.pdf,,high,
431,大字中判田2038番地の65,判田台北4丁目11番3号,判田台北四丁目,11,3,hanndadai.pdf,,high,
432,大字中判田2038番地の67,判田台北4丁目11番4号,判田台北四丁目,11,4,hanndadai.pdf,,high,
433,大字中判田2038番地の69,判田台北4丁目11番5号,判田台北四丁目,11,5,hanndadai.pdf,,high,
434,大字中判田2038番地の72,判田台北4丁目13番1号,判田台北四丁目,13,1,hanndadai.pdf,,high,
435,大字中判田2038番地の73,判田台北4丁目13番2号,判田台北四丁目,13,2,hanndadai.pdf,,high,
436,大字中判田2038番地の74,判田台北4丁目13番3号,判田台北四丁目,13,3,hanndadai.pdf,,high,
437,大字中判田2038番地の75,判田台北4丁目13番4号,判田台北四丁目,13,4,hanndadai.pdf,,high,
438,大字中判田2038番地の76,判田台北4丁目13番5号,判田台北四丁目,13,5,hanndadai.pdf,,high,
439,大字中判田2038番地の77,判田台北4丁目13番6号,判田台北四丁目,13,6,hanndadai.pdf,,high,
440,大字中判田2038番地の78,判田台北4丁目13番7号,判田台北四丁目,13,7,hanndadai.pdf,,high,
441,大字中判田2038番地の79,判田台北4丁目13番8号,判田台北四丁目,13,8,hanndadai.pdf,,high,
442,大字中判田2038番地の80,判田台北4丁目13番9号,判田台北四丁目,13,9,hanndadai.pdf,,high,
443,大字中判田2038番地の81,判田台北4丁目14番1号,判田台北四丁目,14,1,hanndadai.pdf,,high,
444,大字中判田2038番地の83,判田台北4丁目14番2号,判田台北四丁目,14,2,hanndadai.pdf,,high,
445,大字中判田2038番地の85,判田台北4丁目14番3号,判田台北四丁目,14,3,hanndadai.pdf,,high,"1対多(通称違い: 判田台北4丁目14番3号, 通称なし)、資料上2回出現(★印: 法人含む)"
446,大字中判田2038番地の85,,判田台北四丁目,14,3,hanndadai.pdf,,high,"1対多(通称違い: 判田台北4丁目14番3号, 通称なし)、資料上★印(法人)"
447,大字中判田2038番地の92,判田台北4丁目15番1号,判田台北四丁目,15,1,hanndadai.pdf,,high,
448,大字中判田2038番地の105,判田台北4丁目12番1号,判田台北四丁目,12,1,hanndadai.pdf,,high,
449,大字中判田2038番地の107,判田台北4丁目12番2号,判田台北四丁目,12,2,hanndadai.pdf,,high,
450,大字中判田2038番地の109,判田台北4丁目12番3号,判田台北四丁目,12,3,hanndadai.pdf,,high,
451,大字中判田2038番地の111,判田台北4丁目12番4号,判田台北四丁目,12,4,hanndadai.pdf,,high,
452,大字中判田2038番地の113,判田台北4丁目12番5号,判田台北四丁目,12,5,hanndadai.pdf,,high,
453,大字中判田2054番地の9,判田台南2丁目5番9号,判田台南二丁目,5,9,hanndadai.pdf,,high,
454,大字中判田2054番地の10,判田台南2丁目5番10号,判田台南二丁目,5,10,hanndadai.pdf,,high,
455,大字中判田2054番地の14,判田台南2丁目5番2号,判田台南二丁目,5,2,hanndadai.pdf,,high,
456,大字中判田2054番地の18,判田台南2丁目4番4号,判田台南二丁目,4,4,hanndadai.pdf,,high,
457,大字中判田2054番地の19,判田台南2丁目4番3号,判田台南二丁目,4,3,hanndadai.pdf,,high,
458,大字中判田2149番地の6,判田台北1丁目9番1号,判田台北一丁目,9,1,hanndadai.pdf,,high,
459,大字中判田2149番地の7,判田台北1丁目9番2号,判田台北一丁目,9,2,hanndadai.pdf,,high,
460,大字中判田2149番地の8,判田台北1丁目9番3号,判田台北一丁目,9,3,hanndadai.pdf,,high,
461,大字中判田2149番地の9,判田台北1丁目9番4号,判田台北一丁目,9,4,hanndadai.pdf,,high,
462,大字中判田2149番地の10,判田台北1丁目8番1号,判田台北一丁目,8,1,hanndadai.pdf,,high,
463,大字中判田2149番地の11,判田台北1丁目8番2号,判田台北一丁目,8,2,hanndadai.pdf,,high,
464,大字中判田2149番地の12,判田台北1丁目8番3号,判田台北一丁目,8,3,hanndadai.pdf,,high,
465,大字中判田2214番地の5,判田台北1丁目5番3号,判田台北一丁目,5,3,hanndadai.pdf,,high,"1対多(通称違い: 判田台北1丁目5番3号, 通称なし)、資料上2回出現(★印: 法人含む)"
466,大字中判田2214番地の5,,判田台北一丁目,5,3,hanndadai.pdf,,high,"1対多(通称違い: 判田台北1丁目5番3号, 通称なし)、資料上★印(法人)"
467,大字中判田2214番地の11,判田台北1丁目5番2号,判田台北一丁目,5,2,hanndadai.pdf,,high,
468,大字中判田2214番地の12,判田台北1丁目5番4号,判田台北一丁目,5,4,hanndadai.pdf,,high,
469,大字中判田2214番地の13,判田台北1丁目6番9号,判田台北一丁目,6,9,hanndadai.pdf,,high,
470,大字中判田2214番地の14,判田台北1丁目6番8号,判田台北一丁目,6,8,hanndadai.pdf,,high,
471,大字中判田2214番地の15,判田台北1丁目6番7号,判田台北一丁目,6,7,hanndadai.pdf,,high,
472,大字中判田2214番地の16,判田台北1丁目6番6号,判田台北一丁目,6,6,hanndadai.pdf,,high,
473,大字中判田2214番地の17,判田台北1丁目6番5号,判田台北一丁目,6,5,hanndadai.pdf,,high,
474,大字中判田2214番地の18,判田台北1丁目6番1号,判田台北一丁目,6,1,hanndadai.pdf,,high,
475,大字中判田2214番地の19,判田台北1丁目6番2号,判田台北一丁目,6,2,hanndadai.pdf,,high,
476,大字中判田2214番地の20,判田台北1丁目6番3号,判田台北一丁目,6,3,hanndadai.pdf,,high,
477,大字中判田2214番地の21,判田台北1丁目6番4号,判田台北一丁目,6,4,hanndadai.pdf,,high,
478,大字中判田2214番地の22,判田台北1丁目7番7号,判田台北一丁目,7,7,hanndadai.pdf,,high,
479,大字中判田2214番地の23,判田台北1丁目7番6号,判田台北一丁目,7,6,hanndadai.pdf,,high,
480,大字中判田2214番地の24,判田台北1丁目7番5号,判田台北一丁目,7,5,hanndadai.pdf,,high,
481,大字中判田2214番地の25,判田台北1丁目7番4号,判田台北一丁目,7,4,hanndadai.pdf,,high,
482,大字中判田2214番地の26,判田台北1丁目7番1号,判田台北一丁目,7,1,hanndadai.pdf,,high,"1対多(旧住所表記違い: 2214番地の26, 2214の26)"
483,大字中判田2214の26,判田台北1丁目7番1号,判田台北一丁目,7,1,hanndadai.pdf,,high,"1対多(旧住所表記違い: 2214番地の26, 2214の26)、資料上★印(法人)"
484,大字中判田2214番地の27,判田台北1丁目7番2号,判田台北一丁目,7,2,hanndadai.pdf,,high,
485,大字中判田2214番地の28,判田台北1丁目7番3号,判田台北一丁目,7,3,hanndadai.pdf,,high,
486,大字中判田2214番地の29,判田台北1丁目3番14号,判田台北一丁目,3,14,hanndadai.pdf,,high,
487,大字中判田2214番地の30,判田台北1丁目3番13号,判田台北一丁目,3,13,hanndadai.pdf,,high,
488,大字中判田2214番地の31,判田台北1丁目3番12号,判田台北一丁目,3,12,hanndadai.pdf,,high,
489,大字中判田2214番地の32,判田台北1丁目3番11号,判田台北一丁目,3,11,hanndadai.pdf,,high,
490,大字中判田2214番地の33,判田台北1丁目3番10号,判田台北一丁目,3,10,hanndadai.pdf,,high,
491,大字中判田2214番地の34,判田台北1丁目3番9号,判田台北一丁目,3,9,hanndadai.pdf,,high,
492,大字中判田2214番地の35,判田台北1丁目3番8号,判田台北一丁目,3,8,hanndadai.pdf,,high,
493,大字中判田2214番地の36,判田台北1丁目3番1号,判田台北一丁目,3,1,hanndadai.pdf,,high,
494,大字中判田2214番地の37,判田台北1丁目3番2号,判田台北一丁目,3,2,hanndadai.pdf,,high,
495,大字中判田2214番地の38,判田台北1丁目3番3号,判田台北一丁目,3,3,hanndadai.pdf,,high,
496,大字中判田2214番地の39,判田台北1丁目3番4号,判田台北一丁目,3,4,hanndadai.pdf,,high,
497,大字中判田2214番地の40,判田台北1丁目3番5号,判田台北一丁目,3,5,hanndadai.pdf,,high,
498,大字中判田2214番地の41,判田台北1丁目3番6号,判田台北一丁目,3,6,hanndadai.pdf,,high,
499,大字中判田2214番地の42,判田台北1丁目3番7号,判田台北一丁目,3,7,hanndadai.pdf,,high,
500,大字中判田2214番地の55,判田台北1丁目5番1号,判田台北一丁目,5,1,hanndadai.pdf,,high,
501,大字中判田2214番地の65,判田台北1丁目4番2号,判田台北一丁目,4,2,hanndadai.pdf,,high,
502,大字中判田2214番地の66,判田台北1丁目4番3号,判田台北一丁目,4,3,hanndadai.pdf,,high,
503,大字中判田2214番地の67,判田台北1丁目4番4号,判田台北一丁目,4,4,hanndadai.pdf,,high,
504,大字中判田2214番地の68,判田台北1丁目4番5号,判田台北一丁目,4,5,hanndadai.pdf,,high,
505,大字中判田2214番地の69,判田台北1丁目4番6号,判田台北一丁目,4,6,hanndadai.pdf,,high,
506,大字中判田2214番地の70,判田台北1丁目4番7号,判田台北一丁目,4,7,hanndadai.pdf,,high,
507,大字中判田2214番地の71,判田台北1丁目4番8号,判田台北一丁目,4,8,hanndadai.pdf,,high,
508,大字中判田2235番地の15,判田台北1丁目4番1号,判田台北一丁目,4,1,hanndadai.pdf,,high,
509,大字中判田2235番地の17,判田台北1丁目4番11号,判田台北一丁目,4,11,hanndadai.pdf,,high,
510,大字中判田2235番地の18,判田台北1丁目4番10号,判田台北一丁目,4,10,hanndadai.pdf,,high,
511,大字中判田2235番地の21,判田台北1丁目4番12号,判田台北一丁目,4,12,hanndadai.pdf,,high,
512,大字中判田2235番地の23,判田台北1丁目4番14号,判田台北一丁目,4,14,hanndadai.pdf,,high,
513,大字中判田2235番地の24,判田台北1丁目4番15号,判田台北一丁目,4,15,hanndadai.pdf,,high,
514,大字中判田2235番地の25,判田台北1丁目4番19号,判田台北一丁目,4,19,hanndadai.pdf,,high,
515,大字中判田2235番地の26,判田台北1丁目4番18号,判田台北一丁目,4,18,hanndadai.pdf,,high,
516,大字中判田2243番地の1,判田台北1丁目1,判田台北一丁目,1,2,hanndadai.pdf,,high,資料上★印(法人)
517,大字中判田2249番地の12,判田台北1丁目2番1号,判田台北一丁目,2,1,hanndadai.pdf,,high,
518,大字中判田2249番地の13,判田台北1丁目2番2号,判田台北一丁目,2,2,hanndadai.pdf,,high,
519,大字中判田2249番地の14,判田台北1丁目2番3号,判田台北一丁目,2,3,hanndadai.pdf,,high,
520,大字中判田2249番地の15,判田台北1丁目2番4号,判田台北一丁目,2,4,hanndadai.pdf,,high,
521,大字中判田2249番地の16,判田台北1丁目2番5号,判田台北一丁目,2,5,hanndadai.pdf,,high,
522,大字中判田2249番地の17,判田台北1丁目2番6号,判田台北一丁目,2,6,hanndadai.pdf,,high,
523,大字中判田2249番地の19,判田台北1丁目2番8号,判田台北一丁目,2,8,hanndadai.pdf,,high,
524,大字中判田2249番地の21,判田台北1丁目2番10号,判田台北一丁目,2,10,hanndadai.pdf,,high,
525,大字中判田2249番地の22,判田台北1丁目2番11号,判田台北一丁目,2,11,hanndadai.pdf,,high,
526,大字中判田2249番地の23,判田台北1丁目2番12号,判田台北一丁目,2,12,hanndadai.pdf,,high,
527,大字中判田2249番地の24,判田台北1丁目2番13号,判田台北一丁目,2,13,hanndadai.pdf,,high,
528,大字中判田2249番地の30,判田台北1丁目2番9号,判田台北一丁目,2,9,hanndadai.pdf,,high,
529,大字中判田2249番地の31,判田台北1丁目2番14号,判田台北一丁目,2,14,hanndadai.pdf,,high,
530,大字中判田2254番地,,判田台北一丁目,1,1,hanndadai.pdf,,high,資料上★印(法人)、通称の記載なし
531,大字中判田2269番地の5,判田台北2丁目3番1号,判田台北二丁目,3,1,hanndadai.pdf,,high,
532,大字中判田2269番地の16,判田台北2丁目3番2号,判田台北二丁目,3,2,hanndadai.pdf,,high,
533,大字中判田2269番地の17,判田台北2丁目3番3号,判田台北二丁目,3,3,hanndadai.pdf,,high,
534,大字中判田2269番地の18,判田台北2丁目3番4号,判田台北二丁目,3,4,hanndadai.pdf,,high,
535,大字中判田2269番地の19,判田台北2丁目3番5号,判田台北二丁目,3,5,hanndadai.pdf,,high,
536,大字中判田2269番地の20,判田台北2丁目3番6号,判田台北二丁目,3,6,hanndadai.pdf,,high,
537,大字中判田2269番地の21,判田台北2丁目3番7号,判田台北二丁目,3,7,hanndadai.pdf,,high,
538,大字中判田2269番地の22,判田台北2丁目3番14号,判田台北二丁目,3,14,hanndadai.pdf,,high,
539,大字中判田2269番地の23,判田台北2丁目3番13号,判田台北二丁目,3,13,hanndadai.pdf,,high,
540,大字中判田2269番地の24,判田台北2丁目3番12号,判田台北二丁目,3,12,hanndadai.pdf,,high,
541,大字中判田2269番地の25,判田台北2丁目3番11号,判田台北二丁目,3,11,hanndadai.pdf,,high,
542,大字中判田2269番地の26,判田台北2丁目3番10号,判田台北二丁目,3,10,hanndadai.pdf,,high,
543,大字中判田2269番地の27,判田台北2丁目3番9号,判田台北二丁目,3,9,hanndadai.pdf,,high,
544,大字中判田2269番地の28,判田台北2丁目3番8号,判田台北二丁目,3,8,hanndadai.pdf,,high,
545,大字中判田2269番地の29,判田台北2丁目4番7号,判田台北二丁目,4,7,hanndadai.pdf,,high,
546,大字中判田2269番地の30,判田台北2丁目4番8号,判田台北二丁目,4,8,hanndadai.pdf,,high,
547,大字中判田2269番地の31,判田台北2丁目4番9号,判田台北二丁目,4,9,hanndadai.pdf,,high,
548,大字中判田2269番地の32,判田台北2丁目4番10号,判田台北二丁目,4,10,hanndadai.pdf,,high,
549,大字中判田2269番地の33,判田台北2丁目4番1号,判田台北二丁目,4,1,hanndadai.pdf,,high,
550,大字中判田2269番地の34,判田台北2丁目4番6号,判田台北二丁目,4,6,hanndadai.pdf,,high,
551,大字中判田2269番地の35,判田台北2丁目4番5号,判田台北二丁目,4,5,hanndadai.pdf,,high,
552,大字中判田2269番地の36,判田台北2丁目4番4号,判田台北二丁目,4,4,hanndadai.pdf,,high,
553,大字中判田2269番地の37,判田台北2丁目4番3号,判田台北二丁目,4,3,hanndadai.pdf,,high,
554,大字中判田2269番地の38,判田台北2丁目4番2号,判田台北二丁目,4,2,hanndadai.pdf,,high,
555,大字中判田2269番地の39,判田台北2丁目5番14号,判田台北二丁目,5,14,hanndadai.pdf,,high,
556,大字中判田2269番地の40,判田台北2丁目5番13号,判田台北二丁目,5,13,hanndadai.pdf,,high,
557,大字中判田2269番地の41,判田台北2丁目5番12号,判田台北二丁目,5,12,hanndadai.pdf,,high,
558,大字中判田2269番地の42,判田台北2丁目5番11号,判田台北二丁目,5,11,hanndadai.pdf,,high,
559,大字中判田2269番地の43,判田台北2丁目5番10号,判田台北二丁目,5,10,hanndadai.pdf,,high,
560,大字中判田2269番地の45,判田台北2丁目5番8号,判田台北二丁目,5,8,hanndadai.pdf,,high,
561,大字中判田2269番地の46,判田台北2丁目5番1号,判田台北二丁目,5,1,hanndadai.pdf,,high,
562,大字中判田2269番地の47,判田台北2丁目5番2号,判田台北二丁目,5,2,hanndadai.pdf,,high,
563,大字中判田2269番地の48,判田台北2丁目5番3号,判田台北二丁目,5,3,hanndadai.pdf,,high,
564,大字中判田2269番地の49,判田台北2丁目5番4号,判田台北二丁目,5,4,hanndadai.pdf,,high,
565,大字中判田2269番地の50,判田台北2丁目5番5号,判田台北二丁目,5,5,hanndadai.pdf,,high,
566,大字中判田2269番地の51,判田台北2丁目5番6号,判田台北二丁目,5,6,hanndadai.pdf,,high,
567,大字中判田2269番地の52,判田台北2丁目5番7号,判田台北二丁目,5,7,hanndadai.pdf,,high,
568,大字中判田2269番地の53,判田台北2丁目6番14号,判田台北二丁目,6,14,hanndadai.pdf,,high,
569,大字中判田2269番地の54,判田台北2丁目6番13号,判田台北二丁目,6,13,hanndadai.pdf,,high,
570,大字中判田2269番地の55,判田台北2丁目6番12号,判田台北二丁目,6,12,hanndadai.pdf,,high,
571,大字中判田2269番地の56,判田台北2丁目6番11号,判田台北二丁目,6,11,hanndadai.pdf,,high,
572,大字中判田2269番地の57,判田台北2丁目6番10号,判田台北二丁目,6,10,hanndadai.pdf,,high,
573,大字中判田2269番地の58,判田台北2丁目6番9号,判田台北二丁目,6,9,hanndadai.pdf,,high,"1対多(通称違い: 判田台北2丁目6番9号, 通称なし)、資料上2回出現(★印: 法人含む)"
574,大字中判田2269番地の58,,判田台北二丁目,6,9,hanndadai.pdf,,high,"1対多(通称違い: 判田台北2丁目6番9号, 通称なし)、資料上★印(法人)"
575,大字中判田2269番地の59,判田台北2丁目6番8号,判田台北二丁目,6,8,hanndadai.pdf,,high,
576,大字中判田2269番地の60,判田台北2丁目6番1号,判田台北二丁目,6,1,hanndadai.pdf,,high,
577,大字中判田2269番地の61,判田台北2丁目6番2号,判田台北二丁目,6,2,hanndadai.pdf,,high,
578,大字中判田2269番地の62,判田台北2丁目6番3号,判田台北二丁目,6,3,hanndadai.pdf,,high,
579,大字中判田2269番地の64,判田台北2丁目6番5号,判田台北二丁目,6,5,hanndadai.pdf,,high,
580,大字中判田2269番地の65,判田台北2丁目6番6号,判田台北二丁目,6,6,hanndadai.pdf,,high,
581,大字中判田2269番地の66,判田台北2丁目6番7号,判田台北二丁目,6,7,hanndadai.pdf,,high,
582,大字中判田2269番地の67,判田台北2丁目7番1号,判田台北二丁目,7,1,hanndadai.pdf,,high,
583,大字中判田2269番地の68,判田台北2丁目7番13号,判田台北二丁目,7,13,hanndadai.pdf,,high,
584,大字中判田2269番地の69,判田台北2丁目7番12号,判田台北二丁目,7,12,hanndadai.pdf,,high,
585,大字中判田2269番地の70,判田台北2丁目7番11号,判田台北二丁目,7,11,hanndadai.pdf,,high,
586,大字中判田2269番地の71,判田台北2丁目7番10号,判田台北二丁目,7,10,hanndadai.pdf,,high,
587,大字中判田2269番地の72,判田台北2丁目7番9号,判田台北二丁目,7,9,hanndadai.pdf,,high,
588,大字中判田2269番地の73,判田台北2丁目7番2号,判田台北二丁目,7,2,hanndadai.pdf,,high,
589,大字中判田2269番地の74,判田台北2丁目7番3号,判田台北二丁目,7,3,hanndadai.pdf,,high,
590,大字中判田2269番地の75,判田台北2丁目7番4号,判田台北二丁目,7,4,hanndadai.pdf,,high,
591,大字中判田2269番地の76,判田台北2丁目7番5号,判田台北二丁目,7,5,hanndadai.pdf,,high,
592,大字中判田2269番地の79,判田台北2丁目8番1号,判田台北二丁目,8,1,hanndadai.pdf,,high,
593,大字中判田2269番地の80,判田台北2丁目8番16号,判田台北二丁目,8,16,hanndadai.pdf,,high,
594,大字中判田2269番地の81,判田台北2丁目8番15号,判田台北二丁目,8,15,hanndadai.pdf,,high,
595,大字中判田2269番地の83,判田台北2丁目8番2号,判田台北二丁目,8,2,hanndadai.pdf,,high,
596,大字中判田2269番地の84,判田台北2丁目8番3号,判田台北二丁目,8,3,hanndadai.pdf,,high,
597,大字中判田2269番地の85,判田台北2丁目8番4号,判田台北二丁目,8,4,hanndadai.pdf,,high,
598,大字中判田2269番地の86,判田台北2丁目9番1号,判田台北二丁目,9,1,hanndadai.pdf,,high,
599,大字中判田2269番地の87,判田台北2丁目9番14号,判田台北二丁目,9,14,hanndadai.pdf,,high,
600,大字中判田2269番地の88,判田台北2丁目9番13号,判田台北二丁目,9,13,hanndadai.pdf,,high,
601,大字中判田2269番地の89,判田台北2丁目9番12号,判田台北二丁目,9,12,hanndadai.pdf,,high,
602,大字中判田2269番地の91,判田台北2丁目9番2号,判田台北二丁目,9,2,hanndadai.pdf,,high,
603,大字中判田2281番地の5,判田台北2丁目2番2号,判田台北二丁目,2,2,hanndadai.pdf,,high,
604,大字中判田2281番地の9,判田台北3丁目3番1号,判田台北三丁目,3,1,hanndadai.pdf,,high,
605,大字中判田2281番地の11,判田台北3丁目1番1号,判田台北三丁目,1,1,hanndadai.pdf,,high,
606,大字中判田2281番地の21,判田台北2丁目2番3号,判田台北二丁目,2,3,hanndadai.pdf,,high,
607,大字中判田2281番地の22,判田台北2丁目2番4号,判田台北二丁目,2,4,hanndadai.pdf,,high,
608,大字中判田2281番地の23,判田台北2丁目2番5号,判田台北二丁目,2,5,hanndadai.pdf,,high,
609,大字中判田2281番地の24,判田台北2丁目2番6号,判田台北二丁目,2,6,hanndadai.pdf,,high,
610,大字中判田2281番地の25,判田台北2丁目2番7号,判田台北二丁目,2,7,hanndadai.pdf,,high,
611,大字中判田2281番地の26,判田台北3丁目1番2号,判田台北三丁目,1,2,hanndadai.pdf,,high,
612,大字中判田2281番地の27,判田台北3丁目3番2号,判田台北三丁目,3,2,hanndadai.pdf,,high,
613,大字中判田2281番地の29,判田台北3丁目3番9号,判田台北三丁目,3,9,hanndadai.pdf,,high,
614,大字中判田2281番地の33,判田台東2丁目6番3号,判田台東二丁目,6,3,hanndadai.pdf,,high,
615,大字中判田2281番地の34,判田台東2丁目6番4号,判田台東二丁目,6,4,hanndadai.pdf,,high,
616,大字中判田2281番地の35,判田台東2丁目6番5号,判田台東二丁目,6,5,hanndadai.pdf,,high,
617,大字中判田2281番地の36,判田台東2丁目6番6号,判田台東二丁目,6,6,hanndadai.pdf,,high,
618,大字中判田2281番地の37,判田台東2丁目6番7号,判田台東二丁目,6,7,hanndadai.pdf,,high,
619,大字中判田2281番地の40,判田台東2丁目4番11号,判田台東二丁目,4,11,hanndadai.pdf,,high,
620,大字中判田2305番地の5,判田台北2丁目7番6号,判田台北二丁目,7,6,hanndadai.pdf,,high,
621,大字中判田2305番地の6,判田台北2丁目7番7号,判田台北二丁目,7,7,hanndadai.pdf,,high,
622,大字中判田2305番地の7,判田台北2丁目7番8号,判田台北二丁目,7,8,hanndadai.pdf,,high,
623,大字中判田2305番地の8,判田台北2丁目8番14号,判田台北二丁目,8,14,hanndadai.pdf,,high,
624,大字中判田2305番地の9,判田台北2丁目8番13号,判田台北二丁目,8,13,hanndadai.pdf,,high,
625,大字中判田2305番地の10,判田台北2丁目8番12号,判田台北二丁目,8,12,hanndadai.pdf,,high,
626,大字中判田2305番地の11,判田台北2丁目8番11号,判田台北二丁目,8,11,hanndadai.pdf,,high,
627,大字中判田2305番地の12,判田台北2丁目8番10号,判田台北二丁目,8,10,hanndadai.pdf,,high,
628,大字中判田2305番地の14,判田台北2丁目8番5号,判田台北二丁目,8,5,hanndadai.pdf,,high,
629,大字中判田2305番地の15,判田台北2丁目8番6号,判田台北二丁目,8,6,hanndadai.pdf,,high,
630,大字中判田2305番地の16,判田台北2丁目8番7号,判田台北二丁目,8,7,hanndadai.pdf,,high,
631,大字中判田2305番地の17,判田台北2丁目8番8号,判田台北二丁目,8,8,hanndadai.pdf,,high,
632,大字中判田2305番地の18,判田台北2丁目8番9号,判田台北二丁目,8,9,hanndadai.pdf,,high,
633,大字中判田2305番地の21,判田台北2丁目9番11号,判田台北二丁目,9,11,hanndadai.pdf,,high,
634,大字中判田2305番地の22,判田台北2丁目9番10号,判田台北二丁目,9,10,hanndadai.pdf,,high,
635,大字中判田2305番地の23,判田台北2丁目9番9号,判田台北二丁目,9,9,hanndadai.pdf,,high,
636,大字中判田2305番地の25,判田台北2丁目9番3号,判田台北二丁目,9,3,hanndadai.pdf,,high,
637,大字中判田2305番地の26,判田台北2丁目9番4号,判田台北二丁目,9,4,hanndadai.pdf,,high,
638,大字中判田2305番地の27,判田台北2丁目9番5号,判田台北二丁目,9,5,hanndadai.pdf,,high,
639,大字中判田2305番地の28,判田台北2丁目9番6号,判田台北二丁目,9,6,hanndadai.pdf,,high,
640,大字中判田2305番地の29,判田台北2丁目9番7号,判田台北二丁目,9,7,hanndadai.pdf,,high,
641,大字中判田2305番地の30,判田台北2丁目9番8号,判田台北二丁目,9,8,hanndadai.pdf,,high,
642,大字中判田2305番地の31,判田台北3丁目4番1号,判田台北三丁目,4,1,hanndadai.pdf,,high,
643,大字中判田2305番地の32,判田台北3丁目4番14号,判田台北三丁目,4,14,hanndadai.pdf,,high,
644,大字中判田2305番地の33,判田台北3丁目4番13号,判田台北三丁目,4,13,hanndadai.pdf,,high,
645,大字中判田2305番地の34,判田台北3丁目4番12号,判田台北三丁目,4,12,hanndadai.pdf,,high,
646,大字中判田2305番地の35,判田台北3丁目4番11号,判田台北三丁目,4,11,hanndadai.pdf,,high,
647,大字中判田2305番地の36,判田台北3丁目4番10号,判田台北三丁目,4,10,hanndadai.pdf,,high,
648,大字中判田2305番地の37,判田台北3丁目4番9号,判田台北三丁目,4,9,hanndadai.pdf,,high,
649,大字中判田2305番地の38,判田台北3丁目4番2号,判田台北三丁目,4,2,hanndadai.pdf,,high,
650,大字中判田2305番地の39,判田台北3丁目4番3号,判田台北三丁目,4,3,hanndadai.pdf,,high,
651,大字中判田2305番地の40,判田台北3丁目4番4号,判田台北三丁目,4,4,hanndadai.pdf,,high,
652,大字中判田2305番地の41,判田台北3丁目4番5号,判田台北三丁目,4,5,hanndadai.pdf,,high,
653,大字中判田2305番地の42,判田台北3丁目4番6号,判田台北三丁目,4,6,hanndadai.pdf,,high,
654,大字中判田2305番地の43,判田台北3丁目4番7号,判田台北三丁目,4,7,hanndadai.pdf,,high,
655,大字中判田2305番地の44,判田台北3丁目4番8号,判田台北三丁目,4,8,hanndadai.pdf,,high,"1対多(通称違い: 判田台北3丁目4番8号, 通称なし)、資料上2回出現(★印: 法人含む)"
656,大字中判田2305番地の44,,判田台北三丁目,4,8,hanndadai.pdf,,high,"1対多(通称違い: 判田台北3丁目4番8号, 通称なし)、資料上★印(法人)"
657,大字中判田2305番地の46,判田台北3丁目3番3号,判田台北三丁目,3,3,hanndadai.pdf,,high,
658,大字中判田2305番地の49,判田台北3丁目3番8号,判田台北三丁目,3,8,hanndadai.pdf,,high,
659,大字中判田2305番地の50,判田台北3丁目3番7号,判田台北三丁目,3,7,hanndadai.pdf,,high,
660,大字中判田2305番地の51,判田台北3丁目3番6号,判田台北三丁目,3,6,hanndadai.pdf,,high,
661,大字中判田2305番地の53,判田台北3丁目5番1号,判田台北三丁目,5,1,hanndadai.pdf,,high,
662,大字中判田2305番地の54,判田台北3丁目5番14号,判田台北三丁目,5,14,hanndadai.pdf,,high,
663,大字中判田2305番地の55,判田台北3丁目5番13号,判田台北三丁目,5,13,hanndadai.pdf,,high,
664,大字中判田2305番地の56,判田台北3丁目5番12号,判田台北三丁目,5,12,hanndadai.pdf,,high,
665,大字中判田2305番地の57,判田台北3丁目5番11号,判田台北三丁目,5,11,hanndadai.pdf,,high,
666,大字中判田2305番地の58,判田台北3丁目5番10号,判田台北三丁目,5,10,hanndadai.pdf,,high,
667,大字中判田2305番地の59,判田台北3丁目5番9号,判田台北三丁目,5,9,hanndadai.pdf,,high,
668,大字中判田2305番地の60,判田台北3丁目5番2号,判田台北三丁目,5,2,hanndadai.pdf,,high,
669,大字中判田2305番地の61,判田台北3丁目5番3号,判田台北三丁目,5,3,hanndadai.pdf,,high,
670,大字中判田2305番地の62,判田台北3丁目5番4号,判田台北三丁目,5,4,hanndadai.pdf,,high,
671,大字中判田2305番地の63,判田台北3丁目5番5号,判田台北三丁目,5,5,hanndadai.pdf,,high,
672,大字中判田2305番地の64,判田台北3丁目5番6号,判田台北三丁目,5,6,hanndadai.pdf,,high,
673,大字中判田2305番地の65,判田台北3丁目5番7号,判田台北三丁目,5,7,hanndadai.pdf,,high,
674,大字中判田2305番地の66,判田台北3丁目5番8号,判田台北三丁目,5,8,hanndadai.pdf,,high,
675,大字中判田2305番地の68,判田台北3丁目12番2号,判田台北三丁目,12,2,hanndadai.pdf,,high,"1対多(通称違い: 判田台北3丁目12番2号, 通称なし)、資料上2回出現(★印: 法人含む)"
676,大字中判田2305番地の68,,判田台北三丁目,12,2,hanndadai.pdf,,high,"1対多(通称違い: 判田台北3丁目12番2号, 通称なし)、資料上★印(法人)"
677,大字中判田2305番地の69,判田台北3丁目11番12号,判田台北三丁目,11,12,hanndadai.pdf,,high,
678,大字中判田2305番地の71,判田台北3丁目11番1号,判田台北三丁目,11,1,hanndadai.pdf,,high,
679,大字中判田2305番地の72,判田台北3丁目11番2号,判田台北三丁目,11,2,hanndadai.pdf,,high,
680,大字中判田2305番地の73,判田台北3丁目10番13号,判田台北三丁目,10,13,hanndadai.pdf,,high,
681,大字中判田2305番地の75,判田台北3丁目10番1号,判田台北三丁目,10,1,hanndadai.pdf,,high,
682,大字中判田2318番地の16,判田台北3丁目12番3号,判田台北三丁目,12,3,hanndadai.pdf,,high,
683,大字中判田2318番地の17,判田台北3丁目12番4号,判田台北三丁目,12,4,hanndadai.pdf,,high,
684,大字中判田2318番地の18,判田台北3丁目12番5号,判田台北三丁目,12,5,hanndadai.pdf,,high,
685,大字中判田2318番地の19,判田台北3丁目12番6号,判田台北三丁目,12,6,hanndadai.pdf,,high,
686,大字中判田2318番地の20,判田台北3丁目12番7号,判田台北三丁目,12,7,hanndadai.pdf,,high,
687,大字中判田2318番地の21,判田台北3丁目12番8号,判田台北三丁目,12,8,hanndadai.pdf,,high,
688,大字中判田2318番地の31,判田台北3丁目11番11号,判田台北三丁目,11,11,hanndadai.pdf,,high,
689,大字中判田2318番地の32,判田台北3丁目11番10号,判田台北三丁目,11,10,hanndadai.pdf,,high,
690,大字中判田2318番地の33,判田台北3丁目11番9号,判田台北三丁目,11,9,hanndadai.pdf,,high,
691,大字中判田2318番地の34,判田台北3丁目11番8号,判田台北三丁目,11,8,hanndadai.pdf,,high,
692,大字中判田2318番地の35,判田台北3丁目11番7号,判田台北三丁目,11,7,hanndadai.pdf,,high,
693,大字中判田2318番地の37,判田台北3丁目11番3号,判田台北三丁目,11,3,hanndadai.pdf,,high,
694,大字中判田2318番地の38,判田台北3丁目11番4号,判田台北三丁目,11,4,hanndadai.pdf,,high,
695,大字中判田2318番地の39,判田台北3丁目11番5号,判田台北三丁目,11,5,hanndadai.pdf,,high,
696,大字中判田2318番地の40,判田台北3丁目11番6号,判田台北三丁目,11,6,hanndadai.pdf,,high,
697,大字中判田2318番地の41,判田台北3丁目10番12号,判田台北三丁目,10,12,hanndadai.pdf,,high,
698,大字中判田2318番地の42,判田台北3丁目10番11号,判田台北三丁目,10,11,hanndadai.pdf,,high,
699,大字中判田2318番地の43,判田台北3丁目10番10号,判田台北三丁目,10,10,hanndadai.pdf,,high,
700,大字中判田2318番地の44,判田台北3丁目10番9号,判田台北三丁目,10,9,hanndadai.pdf,,high,
701,大字中判田2318番地の45,判田台北3丁目10番8号,判田台北三丁目,10,8,hanndadai.pdf,,high,
702,大字中判田2318番地の46,判田台北3丁目10番2号,判田台北三丁目,10,2,hanndadai.pdf,,high,
703,大字中判田2318番地の47,判田台北3丁目10番3号,判田台北三丁目,10,3,hanndadai.pdf,,high,
704,大字中判田2318番地の48,判田台北3丁目10番4号,判田台北三丁目,10,4,hanndadai.pdf,,high,
705,大字中判田2318番地の49,判田台北3丁目10番5号,判田台北三丁目,10,5,hanndadai.pdf,,high,
706,大字中判田2318番地の50,判田台北3丁目10番6号,判田台北三丁目,10,6,hanndadai.pdf,,high,
707,大字中判田2318番地の51,判田台北3丁目10番7号,判田台北三丁目,10,7,hanndadai.pdf,,high,
708,大字中判田2318番地の54,判田台北3丁目9番5号,判田台北三丁目,9,5,hanndadai.pdf,,high,
709,大字中判田2318番地の55,判田台北3丁目9番6号,判田台北三丁目,9,6,hanndadai.pdf,,high,
710,大字中判田2318番地の56,判田台北3丁目9番7号,判田台北三丁目,9,7,hanndadai.pdf,,high,
711,大字中判田2318番地の58,判田台北3丁目8番8号,判田台北三丁目,8,8,hanndadai.pdf,,high,
712,大字中判田2318番地の59,判田台北3丁目8番9号,判田台北三丁目,8,9,hanndadai.pdf,,high,
713,大字中判田2318番地の66,判田台北4丁目7番1号,判田台北四丁目,7,1,hanndadai.pdf,,high,
714,大字中判田2318番地の67,判田台北4丁目6番4号,判田台北四丁目,6,4,hanndadai.pdf,,high,
715,大字中判田2318番地の68,判田台北4丁目6番3号,判田台北四丁目,6,3,hanndadai.pdf,,high,
716,大字中判田2318番地の69,判田台北4丁目6番2号,判田台北四丁目,6,2,hanndadai.pdf,,high,
717,大字中判田2318番地の70,判田台北4丁目6番1号,判田台北四丁目,6,1,hanndadai.pdf,,high,
718,大字中判田2318番地の71,判田台北4丁目5番5号,判田台北四丁目,5,5,hanndadai.pdf,,high,
719,大字中判田2318番地の72,判田台北4丁目5番4号,判田台北四丁目,5,4,hanndadai.pdf,,high,
720,大字中判田2318番地の73,判田台北4丁目5番3号,判田台北四丁目,5,3,hanndadai.pdf,,high,
721,大字中判田2318番地の75,判田台北4丁目5番6号,判田台北四丁目,5,6,hanndadai.pdf,,high,
722,大字中判田2318番地の76,判田台北4丁目5番7号,判田台北四丁目,5,7,hanndadai.pdf,,high,
723,大字中判田2318番地の77,判田台北4丁目5番8号,判田台北四丁目,5,8,hanndadai.pdf,,high,
724,大字中判田2318番地の78,判田台北4丁目5番1号,判田台北四丁目,5,1,hanndadai.pdf,,high,
725,大字中判田2318番地の79,判田台北4丁目4番5号,判田台北四丁目,4,5,hanndadai.pdf,,high,
726,大字中判田2318番地の80,判田台北4丁目4番4号,判田台北四丁目,4,4,hanndadai.pdf,,high,
727,大字中判田2318番地の82,判田台北4丁目4番6号,判田台北四丁目,4,6,hanndadai.pdf,,high,
728,大字中判田2318番地の83,判田台北4丁目4番7号,判田台北四丁目,4,7,hanndadai.pdf,,high,
729,大字中判田2318番地の85,判田台北4丁目3番5号,判田台北四丁目,3,5,hanndadai.pdf,,high,
730,大字中判田2318番地の86,判田台北4丁目3番4号,判田台北四丁目,3,4,hanndadai.pdf,,high,
731,大字中判田2318番地の87,判田台北4丁目3番6号,判田台北四丁目,3,6,hanndadai.pdf,,high,
732,大字中判田2318－108,判田台北4丁目1番,判田台北四丁目,1,5,hanndadai.pdf,,high,資料上★印(法人)
733,大字中判田2318番地の120,判田台北3丁目12番9号,判田台北三丁目,12,9,hanndadai.pdf,,high,
734,大字中判田2318番地の121,判田台北3丁目12番10号,判田台北三丁目,12,10,hanndadai.pdf,,high,
735,大字中判田2318番地の123,判田台北3丁目12番12号,判田台北三丁目,12,12,hanndadai.pdf,,high,
736,大字中判田2318番地の124,判田台北3丁目12番13号,判田台北三丁目,12,13,hanndadai.pdf,,high,
737,大字中判田2318番地の140,判田台北4丁目1番2号,判田台北四丁目,1,2,hanndadai.pdf,,high,
738,大字中判田2318番地の146,判田台北4丁目8番1号,判田台北四丁目,8,1,hanndadai.pdf,,high,
739,大字中判田2318番地の164,判田台北1丁目10番2号,判田台北一丁目,10,2,hanndadai.pdf,,high,
740,大字中判田2318番地の165,判田台北1丁目10番1号,判田台北一丁目,10,1,hanndadai.pdf,,high,
741,大字中判田2327番地の4,,判田台南二丁目,2,1-3,hanndadai.pdf,,high,"1対多(通称違い: 通称なし, 判田台南2丁目2番1号)、資料上★印(法人)、通称の記載なし"
742,大字中判田2327番地の4,判田台南2丁目2番1号,判田台南二丁目,2,1-3,hanndadai.pdf,,high,"1対多(通称違い: 通称なし, 判田台南2丁目2番1号)"
743,大字中判田2327番地の22,判田台南2丁目4番1号,判田台南二丁目,4,1,hanndadai.pdf,,high,
744,大字中判田2327番地の24,判田台南2丁目5番1号,判田台南二丁目,5,1,hanndadai.pdf,,high,
745,大字中判田2327番地の29,判田台南2丁目4番2号,判田台南二丁目,4,2,hanndadai.pdf,,high,
746,大字中判田2327番地の31,判田台南2丁目3番1号,判田台南二丁目,3,1,hanndadai.pdf,,high,
747,大字中判田2327番地の32,判田台南2丁目3番2号,判田台南二丁目,3,2,hanndadai.pdf,,high,
748,大字中判田2327番地の40,,判田台南二丁目,2,1-1,hanndadai.pdf,,high,"1対多(新住所違い: 2-1-1, 2-1-2)、資料上★印(法人)、通称の記載なし"
749,大字中判田2327番地の40,,判田台南二丁目,2,1-2,hanndadai.pdf,,high,"1対多(新住所違い: 2-1-1, 2-1-2)、資料上★印(法人)、通称の記載なし"
750,大字中判田2369番地の8,判田台南2丁目3番3号,判田台南二丁目,3,3,hanndadai.pdf,,high,
751,大字中判田2369番地の13,判田台南2丁目2番2号,判田台南二丁目,2,2,hanndadai.pdf,,high,
752,大字中判田2369番地の15,判田台南2丁目2番3号,判田台南二丁目,2,3,hanndadai.pdf,,high,
753,大字中判田2369番地の17,判田台南2丁目2番4号,判田台南二丁目,2,4,hanndadai.pdf,,high,
754,大字中判田2369番地の19,判田台南2丁目2番5号,判田台南二丁目,2,5,hanndadai.pdf,,high,
755,大字中判田2373番1,,判田台南一丁目,1,1,hanndadai.pdf,,high,資料上★印(法人)、通称の記載なし
756,大字中判田2373番地の2,判田台北3丁目9番8号,判田台北三丁目,9,8,hanndadai.pdf,,high,
757,大字中判田2373番地の3,判田台南2丁目1番4号,判田台南二丁目,2,1,hanndadai.pdf,,high,
758,大字中判田2373番地の18,判田台北3丁目9番4号,判田台北三丁目,9,4,hanndadai.pdf,,high,
759,大字中判田2373番地の21,判田台北3丁目9番3号,判田台北三丁目,9,3,hanndadai.pdf,,high,
760,大字中判田2373番地の22,判田台北3丁目8番3号,判田台北三丁目,8,3,hanndadai.pdf,,high,
761,大字中判田2373番地の23,判田台北3丁目8番4号,判田台北三丁目,8,4,hanndadai.pdf,,high,
762,大字中判田2373番地の24,判田台北3丁目8番5号,判田台北三丁目,8,5,hanndadai.pdf,,high,
763,大字中判田2373番地の25,判田台北3丁目8番6号,判田台北三丁目,8,6,hanndadai.pdf,,high,
764,大字中判田2373番地の26,判田台北3丁目8番7号,判田台北三丁目,8,7,hanndadai.pdf,,high,
765,大字中判田2373番地の34,判田台南2丁目1番3号,判田台南二丁目,2,1,hanndadai.pdf,,high,
766,大字中判田2373番地の35,判田台南2丁目1番2号,判田台南二丁目,2,1,hanndadai.pdf,,high,
767,大字中判田2373番地の36,判田台南2丁目1番1号,判田台南二丁目,2,1,hanndadai.pdf,,high,
768,大字中判田2389番地の33,判田台南1丁目2番1号,判田台南一丁目,2,1,hanndadai.pdf,,high,
769,大字中判田2389番地の34,判田台南1丁目2番2号,判田台南一丁目,2,2,hanndadai.pdf,,high,
770,大字中判田2389番地の35,判田台南1丁目2番3号,判田台南一丁目,2,3,hanndadai.pdf,,high,
771,大字中判田2389番地の36,判田台南1丁目2番4号,判田台南一丁目,2,4,hanndadai.pdf,,high,
772,大字中判田2389番地の37,判田台南1丁目2番5号,判田台南一丁目,2,5,hanndadai.pdf,,high,
773,大字中判田2389番地の38,判田台南1丁目2番6号,判田台南一丁目,2,6,hanndadai.pdf,,high,
774,大字中判田2389番地の39,判田台南1丁目2番7号,判田台南一丁目,2,7,hanndadai.pdf,,high,"1対多(旧住所表記違い: 2389番地の39, 2389-39)、資料上2回出現(★印: 法人含む)"
775,大字中判田2389－39,判田台南1丁目2番7号,判田台南一丁目,2,7,hanndadai.pdf,,high,"1対多(旧住所表記違い: 2389番地の39, 2389-39)、資料上★印(法人)"
776,大字中判田2389番地の40,判田台南1丁目3番1号,判田台南一丁目,3,1,hanndadai.pdf,,high,
777,大字中判田2389番地の41,判田台南1丁目3番16号,判田台南一丁目,3,16,hanndadai.pdf,,high,
778,大字中判田2389番地の42,判田台南1丁目3番15号,判田台南一丁目,3,15,hanndadai.pdf,,high,
779,大字中判田2389番地の43,判田台南1丁目3番14号,判田台南一丁目,3,14,hanndadai.pdf,,high,
780,大字中判田2389番地の44,判田台南1丁目3番13号,判田台南一丁目,3,13,hanndadai.pdf,,high,
781,大字中判田2389番地の45,判田台南1丁目3番12号,判田台南一丁目,3,12,hanndadai.pdf,,high,
782,大字中判田2389番地の46,判田台南1丁目3番11号,判田台南一丁目,3,11,hanndadai.pdf,,high,
783,大字中判田2389番地の47,判田台南1丁目3番2号,判田台南一丁目,3,2,hanndadai.pdf,,high,
