seq,old_address,alias,new_town,block,house,source_doc,source_page,confidence,note
1,大字荏隈1番地の1,尼ケ瀬4組,尼が瀬三丁目,10,7,amagasehokataisyoubo.pdf,,high,
2,大字荏隈15番地の1,尼ケ瀬2組,尼が瀬二丁目,6,24,amagasehokataisyoubo.pdf,,high,
3,大字荏隈16番地1,,尼が瀬二丁目,6,18,amagasehokataisyoubo.pdf,,high,資料上通称の記載なし
4,大字荏隈16番地の2,尼ケ瀬2組,尼が瀬二丁目,6,26,amagasehokataisyoubo.pdf,,high,
5,大字荏隈18番地の1,尼ケ瀬2組の1,尼が瀬二丁目,6,29,amagasehokataisyoubo.pdf,,high,
6,大字荏隈25番地,尼ケ瀬1組の1,尼が瀬二丁目,5,12,amagasehokataisyoubo.pdf,,high,
7,大字荏隈26番地,尼ケ瀬1組の1 ｿﾚｲﾕみなみA－1,尼が瀬二丁目,5,13,amagasehokataisyoubo.pdf,,high,
8,大字荏隈26番地,尼ケ瀬1組の1 ｿﾚｲﾕみなみA－2,尼が瀬二丁目,5,13,amagasehokataisyoubo.pdf,,high,
9,大字荏隈26番地,尼ケ瀬1組の1 ｿﾚｲﾕみなみB1,尼が瀬二丁目,5,14,amagasehokataisyoubo.pdf,,high,
10,大字荏隈26番地,尼ケ瀬1組の1,尼が瀬二丁目,5,18,amagasehokataisyoubo.pdf,,high,
11,大字荏隈27番地,尼ケ瀬1組の1,尼が瀬二丁目,5,20,amagasehokataisyoubo.pdf,,high,
12,大字荏隈27番地,尼ケ瀬1組の1,尼が瀬二丁目,5,21,amagasehokataisyoubo.pdf,,high,
13,大字荏隈27番地の1,尼ケ瀬1組の1,尼が瀬二丁目,5,22,amagasehokataisyoubo.pdf,,high,
14,大字荏隈30番地の1,尼ケ瀬2組の1,尼が瀬二丁目,6,38,amagasehokataisyoubo.pdf,,high,
15,大字荏隈31番地,尼ケ瀬2組の1,尼が瀬二丁目,6,40,amagasehokataisyoubo.pdf,,high,
16,大字荏隈32番地,尼ケ瀬2組,尼が瀬二丁目,6,32,amagasehokataisyoubo.pdf,,high,
17,大字荏隈32番地,尼ケ瀬2組,尼が瀬二丁目,6,33,amagasehokataisyoubo.pdf,,high,
18,大字荏隈33番地の1,尼ケ瀬2組の1,尼が瀬二丁目,6,11,amagasehokataisyoubo.pdf,,high,
19,大字荏隈33番地の2,尼ケ瀬2組の1,尼が瀬二丁目,6,13,amagasehokataisyoubo.pdf,,high,
20,大字荏隈33番地の4,尼ケ瀬2組,尼が瀬二丁目,6,8,amagasehokataisyoubo.pdf,,high,
21,大字荏隈35番地,尼ケ瀬1組の1,尼が瀬二丁目,6,1,amagasehokataisyoubo.pdf,,high,資料上2回出現
22,大字荏隈35番地,尼ケ瀬1組の1,尼が瀬二丁目,6,3,amagasehokataisyoubo.pdf,,high,
23,大字荏隈36番地の3,尼ケ瀬1組の1,尼が瀬二丁目,6,5,amagasehokataisyoubo.pdf,,high,
24,大字荏隈37番地,尼ケ瀬1組の1,尼が瀬二丁目,6,2,amagasehokataisyoubo.pdf,,high,
25,大字荏隈37番地の2,尼ケ瀬1組の1,尼が瀬二丁目,6,43,amagasehokataisyoubo.pdf,,high,
26,大字荏隈37番地の3,尼ケ瀬1組の1,尼が瀬二丁目,6,42,amagasehokataisyoubo.pdf,,high,
27,大字荏隈39番地,尼ケ瀬1組の2 ﾆｭｰｼﾃｨM101,尼が瀬二丁目,5,1,amagasehokataisyoubo.pdf,,high,
28,大字荏隈39番地,尼ケ瀬1組の2 ﾆｭｰｼﾃｨM102,尼が瀬二丁目,5,1,amagasehokataisyoubo.pdf,,high,
29,大字荏隈39番地,尼ケ瀬1組の2 ﾆｭｰｼﾃｨM103,尼が瀬二丁目,5,1,amagasehokataisyoubo.pdf,,high,
30,大字荏隈39番地,尼ケ瀬1組の2 ﾆｭｰｼﾃｨM201,尼が瀬二丁目,5,1,amagasehokataisyoubo.pdf,,high,資料上2回出現
31,大字荏隈39番地,尼ケ瀬1組の2 ﾆｭｰｼﾃｨM202,尼が瀬二丁目,5,1,amagasehokataisyoubo.pdf,,high,
32,大字荏隈39番地,尼ケ瀬1組の2 ﾆｭｰｼﾃｨM203,尼が瀬二丁目,5,1,amagasehokataisyoubo.pdf,,high,
33,大字荏隈41番地,尼ケ瀬1組の1,尼が瀬二丁目,5,24,amagasehokataisyoubo.pdf,,high,
34,大字荏隈42番地,尼ケ瀬1組の1,尼が瀬二丁目,4,17,amagasehokataisyoubo.pdf,,high,資料上2回出現
35,大字荏隈43番地の3,尼ケ瀬1組の1,尼が瀬二丁目,4,31,amagasehokataisyoubo.pdf,,high,
36,大字荏隈43番地の3,尼ケ瀬1組の1,尼が瀬二丁目,4,32,amagasehokataisyoubo.pdf,,high,
37,大字荏隈43番地の4,尼ケ瀬1組の1,尼が瀬二丁目,4,33,amagasehokataisyoubo.pdf,,high,
38,大字荏隈44番地の2,尼ケ瀬1組の1,尼が瀬二丁目,4,27,amagasehokataisyoubo.pdf,,high,
39,大字荏隈46番地,尼ケ瀬1組の3A,尼が瀬二丁目,4,15,amagasehokataisyoubo.pdf,,high,
40,大字荏隈47番地,尼ケ瀬1組の3A,尼が瀬二丁目,4,46,amagasehokataisyoubo.pdf,,high,
41,大字荏隈47番地の2,尼ケ瀬1組の3A,尼が瀬二丁目,4,48,amagasehokataisyoubo.pdf,,high,
42,大字荏隈47番地の4,尼ケ瀬1組の3A,尼が瀬二丁目,4,45,amagasehokataisyoubo.pdf,,high,
43,大字荏隈48番地の4,尼ケ瀬1組の3A,尼が瀬二丁目,4,49,amagasehokataisyoubo.pdf,,high,
44,大字荏隈49番地の3,尼ケ瀬1組の3A,尼が瀬二丁目,4,42,amagasehokataisyoubo.pdf,,high,
45,大字荏隈49番地の4,尼ケ瀬1組の3A,尼が瀬二丁目,4,43,amagasehokataisyoubo.pdf,,high,
46,大字荏隈65番地の1,尼ケ瀬1組の3A,尼が瀬二丁目,4,1,amagasehokataisyoubo.pdf,,high,
47,大字荏隈65番地の2,尼ケ瀬1組の3A,尼が瀬二丁目,4,11,amagasehokataisyoubo.pdf,,high,
48,大字荏隈65番地の3,尼ケ瀬1組の3A,尼が瀬二丁目,4,13,amagasehokataisyoubo.pdf,,high,
49,大字荏隈65番地の4,尼ケ瀬1組の3A,尼が瀬二丁目,4,5,amagasehokataisyoubo.pdf,,high,
50,大字荏隈66番地の1,尼ケ瀬1組の3 三原ｱﾊﾟｰﾄ101,尼が瀬一丁目,2,1-101,amagasehokataisyoubo.pdf,,high,
51,大字荏隈66番地の1,尼ケ瀬1組の3 三原ｱﾊﾟｰﾄ102,尼が瀬一丁目,2,1-102,amagasehokataisyoubo.pdf,,high,
52,大字荏隈66番地の1,尼ケ瀬1組の3 三原ｱﾊﾟｰﾄ201,尼が瀬一丁目,2,1-201,amagasehokataisyoubo.pdf,,high,
53,大字荏隈66番地の1,尼ケ瀬1組の3 三原ｱﾊﾟｰﾄ202,尼が瀬一丁目,2,1-202,amagasehokataisyoubo.pdf,,high,
54,大字荏隈66番地の1,尼ケ瀬1組の3 三原ｱﾊﾟｰﾄ301,尼が瀬一丁目,2,1-301,amagasehokataisyoubo.pdf,,high,
55,大字荏隈66番地の1,尼ケ瀬1組の3 三原ｱﾊﾟｰﾄ302,尼が瀬一丁目,2,1-302,amagasehokataisyoubo.pdf,,high,
56,大字荏隈66番地の4,尼ケ瀬1組の3B,尼が瀬一丁目,2,4,amagasehokataisyoubo.pdf,,high,
57,大字荏隈66番地の5,尼ケ瀬1組の3B,尼が瀬一丁目,2,2,amagasehokataisyoubo.pdf,,high,
58,大字荏隈66番地の6,尼ケ瀬1組の3B,尼が瀬一丁目,2,54,amagasehokataisyoubo.pdf,,high,
59,大字荏隈67番地の1,尼ケ瀬1組の3,尼が瀬一丁目,2,46,amagasehokataisyoubo.pdf,,high,
60,大字荏隈67番地の1,尼ケ瀬1組の3,尼が瀬一丁目,2,48,amagasehokataisyoubo.pdf,,high,資料上3回出現
61,大字荏隈67番地の1,尼ケ瀬1組の3,尼が瀬一丁目,2,49,amagasehokataisyoubo.pdf,,high,
62,大字荏隈67番地の1,尼ケ瀬1組の3,尼が瀬一丁目,2,50,amagasehokataisyoubo.pdf,,high,
63,大字荏隈67番地の1,尼ケ瀬1組の3,尼が瀬一丁目,2,52,amagasehokataisyoubo.pdf,,high,
64,大字荏隈67番地の1,尼ケ瀬1組の3,尼が瀬一丁目,2,53,amagasehokataisyoubo.pdf,,high,
65,大字荏隈67番地の3,尼ケ瀬1組の3B,尼が瀬一丁目,2,50,amagasehokataisyoubo.pdf,,high,
66,大字荏隈67番地の3,尼ケ瀬1組の3,尼が瀬一丁目,2,51,amagasehokataisyoubo.pdf,,high,資料上2回出現
67,大字荏隈68番地の2,尼ケ瀬1組の4,尼が瀬一丁目,2,45,amagasehokataisyoubo.pdf,,high,
68,大字荏隈68番地の3,尼ケ瀬1組の6A,尼が瀬一丁目,2,44,amagasehokataisyoubo.pdf,,high,
69,大字荏隈68番地の3,尼ケ瀬1組の3,尼が瀬二丁目,4,14,amagasehokataisyoubo.pdf,,high,
70,大字荏隈69番地の1,尼ケ瀬1組の3,尼が瀬一丁目,2,12,amagasehokataisyoubo.pdf,,high,
71,大字荏隈69番地の4,尼ケ瀬1組の3B,尼が瀬一丁目,2,8,amagasehokataisyoubo.pdf,,high,資料上2回出現
72,大字荏隈69番地の5,尼ケ瀬1組の3B,尼が瀬一丁目,2,5,amagasehokataisyoubo.pdf,,high,
73,大字荏隈69番地の6,尼ケ瀬1組の3B,尼が瀬一丁目,2,11,amagasehokataisyoubo.pdf,,high,
74,大字荏隈69番地の8,尼ケ瀬1組の3B,尼が瀬一丁目,2,19,amagasehokataisyoubo.pdf,,high,
75,大字荏隈69番地の11,尼ケ瀬1組の3B,尼が瀬一丁目,2,13,amagasehokataisyoubo.pdf,,high,
76,大字荏隈69番地の12,尼ケ瀬1組の3B,尼が瀬一丁目,2,16,amagasehokataisyoubo.pdf,,high,
77,大字荏隈69番地の17,尼ケ瀬1組の3B,尼が瀬一丁目,2,10,amagasehokataisyoubo.pdf,,high,資料上2回出現
78,大字荏隈69番地の18,尼ケ瀬1組の3B,尼が瀬一丁目,2,9,amagasehokataisyoubo.pdf,,high,
79,大字荏隈70番地の1,尼ケ瀬1組の2 ｳﾞｨｰﾌﾞﾙS13－101,尼が瀬一丁目,2,42,amagasehokataisyoubo.pdf,,high,
80,大字荏隈70番地の1,尼ケ瀬1組の2 ｳﾞｨｰﾌﾞﾙS13－102,尼が瀬一丁目,2,42,amagasehokataisyoubo.pdf,,high,
81,大字荏隈70番地の1,尼ケ瀬1組の2 ｳﾞｨｰﾌﾞﾙS13－103,尼が瀬一丁目,2,42,amagasehokataisyoubo.pdf,,high,
82,大字荏隈70番地の1,尼ケ瀬1組の2 ｳﾞｨｰﾌﾞﾙS13－201,尼が瀬一丁目,2,42,amagasehokataisyoubo.pdf,,high,
83,大字荏隈70番地の1,尼ケ瀬1組の2 ｳﾞｨｰﾌﾞﾙS13－202,尼が瀬一丁目,2,42,amagasehokataisyoubo.pdf,,high,
84,大字荏隈70番地の1,尼ケ瀬1組の2 ｳﾞｨｰﾌﾞﾙS13－203,尼が瀬一丁目,2,42,amagasehokataisyoubo.pdf,,high,
85,大字荏隈70番地の3,,尼が瀬一丁目,2,43,amagasehokataisyoubo.pdf,,high,資料上通称の記載なし
86,大字荏隈70番地の4,尼ケ瀬1組の6A,尼が瀬一丁目,2,40,amagasehokataisyoubo.pdf,,high,資料上2回出現
87,大字荏隈70番地の5,尼ケ瀬1組6A,尼が瀬一丁目,2,41,amagasehokataisyoubo.pdf,,high,
88,大字荏隈71番地,尼ケ瀬1組の2 ｳﾞｨｰﾌﾞﾙSⅠ101,尼が瀬一丁目,2,27,amagasehokataisyoubo.pdf,,high,資料上2回出現
89,大字荏隈71番地,尼ケ瀬1組の2 ｳﾞｨｰﾌﾞﾙSⅠ102,尼が瀬一丁目,2,27,amagasehokataisyoubo.pdf,,high,
90,大字荏隈71番地,尼ケ瀬1組の2 ｳﾞｨｰﾌﾞﾙSⅠ103,尼が瀬一丁目,2,27,amagasehokataisyoubo.pdf,,high,
91,大字荏隈71番地,尼ケ瀬1組の2 ｳﾞｨｰﾌﾞﾙSⅠ105,尼が瀬一丁目,2,27,amagasehokataisyoubo.pdf,,high,
92,大字荏隈71番地,尼ケ瀬1組の2 ｳﾞｨｰﾌﾞﾙSⅠ201,尼が瀬一丁目,2,27,amagasehokataisyoubo.pdf,,high,
93,大字荏隈71番地,尼ケ瀬1組の2 ｳﾞｨｰﾌﾞﾙSⅠ202,尼が瀬一丁目,2,27,amagasehokataisyoubo.pdf,,high,
94,大字荏隈71番地,尼ケ瀬1組の2 ｳﾞｨｰﾌﾞﾙSⅠ203,尼が瀬一丁目,2,27,amagasehokataisyoubo.pdf,,high,
95,大字荏隈71番地,尼ケ瀬1組の2 ｳﾞｨｰﾌﾞﾙSⅠ205,尼が瀬一丁目,2,27,amagasehokataisyoubo.pdf,,high,
96,大字荏隈71番地,尼ケ瀬1組の2 ｳﾞｨｰﾌﾞﾙSⅡ101,尼が瀬一丁目,2,29,amagasehokataisyoubo.pdf,,high,
97,大字荏隈71番地,尼ケ瀬1組の2 ｳﾞｨｰﾌﾞﾙSⅡ102,尼が瀬一丁目,2,29,amagasehokataisyoubo.pdf,,high,
98,大字荏隈71番地,尼ケ瀬1組の2 ｳﾞｨｰﾌﾞﾙSⅡ103,尼が瀬一丁目,2,29,amagasehokataisyoubo.pdf,,high,
99,大字荏隈71番地,尼ケ瀬1組の2 ｳﾞｨｰﾌﾞﾙSⅡ105,尼が瀬一丁目,2,29,amagasehokataisyoubo.pdf,,high,
100,大字荏隈71番地,尼ケ瀬1組の2 ｳﾞｨｰﾌﾞﾙSⅡ201,尼が瀬一丁目,2,29,amagasehokataisyoubo.pdf,,high,
101,大字荏隈71番地,尼ケ瀬1組の2 ｳﾞｨｰﾌﾞﾙSⅡ202,尼が瀬一丁目,2,29,amagasehokataisyoubo.pdf,,high,資料上2回出現
102,大字荏隈71番地,尼ケ瀬1組の2 ｳﾞｨｰﾌﾞﾙSⅡ203,尼が瀬一丁目,2,29,amagasehokataisyoubo.pdf,,high,
103,大字荏隈71番地,尼ケ瀬1組の2 ｳﾞｨｰﾌﾞﾙSⅡ205,尼が瀬一丁目,2,29,amagasehokataisyoubo.pdf,,high,資料上2回出現
104,大字荏隈72番地の1,尼ケ瀬1組の1,尼が瀬一丁目,2,21,amagasehokataisyoubo.pdf,,high,
105,大字荏隈73番地の1,尼ケ瀬1組の1,尼が瀬一丁目,3,3,amagasehokataisyoubo.pdf,,high,
106,大字荏隈73番地の3,尼ケ瀬1組の1,尼が瀬一丁目,3,2,amagasehokataisyoubo.pdf,,high,
107,大字荏隈75番地,尼ケ瀬1組の1,尼が瀬一丁目,3,7,amagasehokataisyoubo.pdf,,high,
108,大字荏隈79番地,尼ケ瀬2組,尼が瀬一丁目,3,10,amagasehokataisyoubo.pdf,,high,
109,大字荏隈79番地,,尼が瀬一丁目,3,10,amagasehokataisyoubo.pdf,,high,資料上通称の記載なし
110,大字荏隈83番地の1,尼ケ瀬2組,尼が瀬一丁目,3,13,amagasehokataisyoubo.pdf,,high,
111,大字荏隈83番地の3,尼ケ瀬3組の1,尼が瀬三丁目,1,1,amagasehokataisyoubo.pdf,,high,
112,大字荏隈84番地の2,尼ケ瀬3組の1,尼が瀬三丁目,1,5,amagasehokataisyoubo.pdf,,high,
113,大字荏隈84番地の3,尼ケ瀬3組の1,尼が瀬三丁目,1,6,amagasehokataisyoubo.pdf,,high,
114,大字荏隈84番地の5,尼ケ瀬3組の1,尼が瀬三丁目,1,7,amagasehokataisyoubo.pdf,,high,資料上2回出現
115,大字荏隈85番地の1,尼ケ瀬3組の1,尼が瀬三丁目,2,1,amagasehokataisyoubo.pdf,,high,
116,大字荏隈85番地の7,尼ケ瀬3組の1,尼が瀬三丁目,2,71,amagasehokataisyoubo.pdf,,high,
117,大字荏隈87番地,尼ケ瀬3組の1,尼が瀬三丁目,2,2,amagasehokataisyoubo.pdf,,high,資料上2回出現
118,大字荏隈87番地の1,尼ケ瀬3組の1,尼が瀬三丁目,2,2,amagasehokataisyoubo.pdf,,high,
119,大字荏隈89番地の1,尼ケ瀬3組の1,尼が瀬三丁目,1,14,amagasehokataisyoubo.pdf,,high,
120,大字荏隈91番地,尼ケ瀬3組の1,尼が瀬三丁目,3,2,amagasehokataisyoubo.pdf,,high,
121,大字荏隈92番地,尼ケ瀬3組の2,尼が瀬三丁目,4,27,amagasehokataisyoubo.pdf,,high,資料上2回出現
122,大字荏隈92番地の2,尼ケ瀬3組の2,尼が瀬三丁目,2,65,amagasehokataisyoubo.pdf,,high,資料上2回出現
123,大字荏隈92番地の3,尼ケ瀬3組,尼が瀬三丁目,2,63,amagasehokataisyoubo.pdf,,high,
124,大字荏隈93番地の1,尼ケ瀬3組の1,尼が瀬三丁目,2,69,amagasehokataisyoubo.pdf,,high,資料上2回出現
125,大字荏隈93番地の2,尼ケ瀬3組の1,尼が瀬三丁目,2,68,amagasehokataisyoubo.pdf,,high,
126,大字荏隈94番地の1,尼ケ瀬3組の1,尼が瀬三丁目,2,13,amagasehokataisyoubo.pdf,,high,資料上2回出現
127,大字荏隈96番地の1,尼ケ瀬3組の1,尼が瀬三丁目,2,19,amagasehokataisyoubo.pdf,,high,
128,大字荏隈字大石99番地の1,,尼が瀬三丁目,2,36,amagasehokataisyoubo.pdf,,high,資料上通称の記載なし
129,大字荏隈99番地の5,尼ケ瀬1組の5 ﾗ・ｾｰﾇ大石町101,尼が瀬三丁目,2,24-101,amagasehokataisyoubo.pdf,,high,
130,大字荏隈99番地の5,尼ケ瀬1組の5 ﾗ・ｾｰﾇ大石町102,尼が瀬三丁目,2,24-102,amagasehokataisyoubo.pdf,,high,
131,大字荏隈99番地の5,尼ケ瀬1組の5 ﾗ・ｾｰﾇ大石町103,尼が瀬三丁目,2,24-103,amagasehokataisyoubo.pdf,,high,
132,大字荏隈99番地の5,尼ケ瀬1組の5 ﾗ・ｾｰﾇ大石町105,尼が瀬三丁目,2,24-105,amagasehokataisyoubo.pdf,,high,
133,大字荏隈99番地の5,尼ケ瀬1組の5 ﾗ・ｾｰﾇ大石町201,尼が瀬三丁目,2,24-201,amagasehokataisyoubo.pdf,,high,
134,大字荏隈99番地の5,尼ケ瀬1組の5 ﾗ・ｾｰﾇ大石町202,尼が瀬三丁目,2,24-202,amagasehokataisyoubo.pdf,,high,
135,大字荏隈99番地の5,尼ケ瀬1組の5 ﾗ・ｾｰﾇ大石町203,尼が瀬三丁目,2,24-203,amagasehokataisyoubo.pdf,,high,
136,大字荏隈99番地の5,尼ケ瀬1組の5 ﾗ・ｾｰﾇ大石町205,尼が瀬三丁目,2,24-205,amagasehokataisyoubo.pdf,,high,
137,大字荏隈99番地の5,尼ケ瀬1組の5 ﾗ・ｾｰﾇ大石町301,尼が瀬三丁目,2,24-301,amagasehokataisyoubo.pdf,,high,
138,大字荏隈99番地の5,尼ケ瀬1組の5 ﾗ・ｾｰﾇ大石町302,尼が瀬三丁目,2,24-302,amagasehokataisyoubo.pdf,,high,
139,大字荏隈99番地の5,尼ケ瀬1組の5 ﾗ・ｾｰﾇ大石町303,尼が瀬三丁目,2,24-303,amagasehokataisyoubo.pdf,,high,
140,大字荏隈99番地の5,尼ケ瀬1組の5 ﾗ・ｾｰﾇ大石町305,尼が瀬三丁目,2,24-305,amagasehokataisyoubo.pdf,,high,
141,大字荏隈99番地の5,尼ケ瀬1組の5 ﾗ・ｾｰﾇ大石町401,尼が瀬三丁目,2,24-401,amagasehokataisyoubo.pdf,,high,
142,大字荏隈99番地の5,尼ケ瀬1組の5 ﾗ・ｾｰﾇ大石町402,尼が瀬三丁目,2,24-402,amagasehokataisyoubo.pdf,,high,
143,大字荏隈99番地の5,尼ケ瀬1組の5 ﾗ・ｾｰﾇ大石町403,尼が瀬三丁目,2,24-403,amagasehokataisyoubo.pdf,,high,
144,大字荏隈99番地の5,尼ケ瀬1組の5 ﾗ・ｾｰﾇ大石町405,尼が瀬三丁目,2,24-405,amagasehokataisyoubo.pdf,,high,
145,大字荏隈99番地の9,尼ケ瀬5組,尼が瀬三丁目,2,38,amagasehokataisyoubo.pdf,,high,
146,大字荏隈99番地の9,,尼が瀬三丁目,2,38,amagasehokataisyoubo.pdf,,high,資料上2回出現、資料上通称の記載なし
147,大字荏隈99番地の11,尼ケ瀬5組,尼が瀬三丁目,2,26,amagasehokataisyoubo.pdf,,high,
148,大字荏隈103番地の3,尼ケ瀬5組,尼が瀬三丁目,2,50,amagasehokataisyoubo.pdf,,high,資料上2回出現
149,大字荏隈103番地の4,尼ケ瀬5組,尼が瀬三丁目,2,49,amagasehokataisyoubo.pdf,,high,資料上2回出現
150,大字荏隈103番地の5,尼ケ瀬5組,尼が瀬三丁目,2,48,amagasehokataisyoubo.pdf,,high,資料上2回出現
151,大字荏隈103番地の6,尼ケ瀬5組,尼が瀬三丁目,2,45,amagasehokataisyoubo.pdf,,high,資料上2回出現
152,大字荏隈103番地の8,尼ケ瀬5組,尼が瀬三丁目,2,43,amagasehokataisyoubo.pdf,,high,
153,大字荏隈103番地の9,尼ケ瀬5組,尼が瀬三丁目,2,41,amagasehokataisyoubo.pdf,,high,
154,大字荏隈103番地の10,尼ケ瀬5組,尼が瀬三丁目,2,40,amagasehokataisyoubo.pdf,,high,資料上2回出現
155,大字荏隈105番地の1,,尼が瀬三丁目,4,10,amagasehokataisyoubo.pdf,,high,資料上通称の記載なし
156,大字荏隈105番地の1,,尼が瀬三丁目,4,12,amagasehokataisyoubo.pdf,,high,資料上通称の記載なし
157,大字荏隈105番地の6,尼ケ瀬1組の6B,尼が瀬三丁目,4,8,amagasehokataisyoubo.pdf,,high,
158,大字荏隈105番地の6,,尼が瀬三丁目,4,8,amagasehokataisyoubo.pdf,,high,資料上通称の記載なし
159,大字荏隈105番地の6,尼ケ瀬1組の6B 竹山ｱﾊﾟｰﾄ201,尼が瀬三丁目,4,8,amagasehokataisyoubo.pdf,,high,資料上2回出現
160,大字荏隈105番地の6,尼ケ瀬1組の6B 竹山ｱﾊﾟｰﾄ202,尼が瀬三丁目,4,8,amagasehokataisyoubo.pdf,,high,
161,大字荏隈105番地の6,尼ケ瀬1組の6B 竹山ｱﾊﾟｰﾄ203,尼が瀬三丁目,4,8,amagasehokataisyoubo.pdf,,high,
162,大字荏隈105番地の6,尼ケ瀬1組の6B 竹山ｱﾊﾟｰﾄ204,尼が瀬三丁目,4,8,amagasehokataisyoubo.pdf,,high,
163,大字荏隈105番地の7,,尼が瀬三丁目,4,2,amagasehokataisyoubo.pdf,,high,資料上通称の記載なし
164,荏隈105番地の8,尼ケ瀬3－2組,尼が瀬三丁目,4,16,amagasehokataisyoubo.pdf,,high,
165,大字荏隈105番地の9,尼ケ瀬3組の1,尼が瀬三丁目,4,1,amagasehokataisyoubo.pdf,,high,
166,大字荏隈105番地の10,尼ケ瀬3組の1,尼が瀬三丁目,4,28,amagasehokataisyoubo.pdf,,high,
167,大字荏隈105番地の15,尼ケ瀬1組の6B,尼が瀬三丁目,4,5,amagasehokataisyoubo.pdf,,high,
168,荏隈105－15,,尼が瀬三丁目,4,5,amagasehokataisyoubo.pdf,,high,資料上通称の記載なし
169,大字荏隈105番地の18,尼ケ瀬1組の6B,尼が瀬三丁目,4,4,amagasehokataisyoubo.pdf,,high,
170,大字荏隈107番地の2,尼ケ瀬3組の2,尼が瀬三丁目,4,25,amagasehokataisyoubo.pdf,,high,
171,大字荏隈107番地の4,尼ケ瀬3組の2,尼が瀬三丁目,4,24,amagasehokataisyoubo.pdf,,high,
172,大字荏隈108番地の2,尼ケ瀬3組の2,尼が瀬三丁目,2,60,amagasehokataisyoubo.pdf,,high,
173,大字荏隈108番地の3,尼ケ瀬3組の2,尼が瀬三丁目,2,62,amagasehokataisyoubo.pdf,,high,資料上2回出現
174,大字荏隈108番地の7,尼ケ瀬3組の2,尼が瀬三丁目,2,58,amagasehokataisyoubo.pdf,,high,
175,大字荏隈109番地,尼ケ瀬3組の1,尼が瀬三丁目,3,4,amagasehokataisyoubo.pdf,,high,
176,大字荏隈109番地の5,尼ケ瀬3組の1,尼が瀬三丁目,3,3,amagasehokataisyoubo.pdf,,high,
177,大字荏隈110番地の1,尼ケ瀬3組の1,尼が瀬三丁目,3,8,amagasehokataisyoubo.pdf,,high,資料上2回出現
178,大字荏隈111番地の1,尼ケ瀬2組,尼が瀬一丁目,3,24,amagasehokataisyoubo.pdf,,high,資料上2回出現
179,大字荏隈112番地の5,尼ケ瀬2組の1,尼が瀬一丁目,3,26,amagasehokataisyoubo.pdf,,high,
180,大字荏隈112番地の6,尼ケ瀬2組の1,尼が瀬一丁目,3,29,amagasehokataisyoubo.pdf,,high,
181,大字荏隈112番地の7,尼ケ瀬2組の1,尼が瀬一丁目,3,30,amagasehokataisyoubo.pdf,,high,
182,大字荏隈115番地,尼ケ瀬1組の2 ｳﾞｨｰﾌﾞﾙS12－202,尼が瀬一丁目,2,30,amagasehokataisyoubo.pdf,,high,
183,大字荏隈115番地の1,尼ケ瀬1組の2 ｳﾞｨｰﾌﾞﾙS11－101,尼が瀬一丁目,2,31,amagasehokataisyoubo.pdf,,high,
184,大字荏隈115番地の1,尼ケ瀬1組の2 ｳﾞｨｰﾌﾞﾙS11－102,尼が瀬一丁目,2,31,amagasehokataisyoubo.pdf,,high,
185,大字荏隈115番地の1,尼ケ瀬1組の2 ｳﾞｨｰﾌﾞﾙS11－201,尼が瀬一丁目,2,31,amagasehokataisyoubo.pdf,,high,
186,大字荏隈115番地の1,尼ケ瀬1組の2 ｳﾞｨｰﾌﾞﾙS11－202,尼が瀬一丁目,2,31,amagasehokataisyoubo.pdf,,high,
187,大字荏隈115番地の2,尼ケ瀬1組の2 ｳﾞｨｰﾌﾞﾙS12－101,尼が瀬一丁目,2,30,amagasehokataisyoubo.pdf,,high,
188,大字荏隈115番地の2,尼ケ瀬1組の2 ｳﾞｨｰﾌﾞﾙS12－102,尼が瀬一丁目,2,30,amagasehokataisyoubo.pdf,,high,
189,大字荏隈115番地の2,尼ケ瀬1組の2 ｳﾞｨｰﾌﾞﾙS12－103,尼が瀬一丁目,2,30,amagasehokataisyoubo.pdf,,high,
190,大字荏隈115番地の2,尼ケ瀬1組の2 ｳﾞｨｰﾌﾞﾙS12－105,尼が瀬一丁目,2,30,amagasehokataisyoubo.pdf,,high,
191,大字荏隈115番地の2,尼ケ瀬1組の2 ｳﾞｨｰﾌﾞﾙS12－201,尼が瀬一丁目,2,30,amagasehokataisyoubo.pdf,,high,
192,大字荏隈115番地の2,尼ケ瀬1組の2 ｳﾞｨｰﾌﾞﾙS12－203,尼が瀬一丁目,2,30,amagasehokataisyoubo.pdf,,high,
193,大字荏隈115番地の2,尼ケ瀬1組の2 ｳﾞｨｰﾌﾞﾙS12－205,尼が瀬一丁目,2,30,amagasehokataisyoubo.pdf,,high,
194,大字荏隈116番地の3,尼ケ瀬1組の6,尼が瀬一丁目,6,26,amagasehokataisyoubo.pdf,,high,
195,大字荏隈116番地の4,尼ケ瀬1組の6A,尼が瀬一丁目,6,29,amagasehokataisyoubo.pdf,,high,
196,大字荏隈116番地の5,尼ケ瀬1組の6A,尼が瀬一丁目,6,30,amagasehokataisyoubo.pdf,,high,
197,大字荏隈116番地の6,尼ケ瀬1組の6A,尼が瀬一丁目,6,31,amagasehokataisyoubo.pdf,,high,
198,大字荏隈116番地の8,尼ケ瀬1組の6A,尼が瀬一丁目,6,32,amagasehokataisyoubo.pdf,,high,
199,大字荏隈116番地の10,尼ケ瀬1組の6A,尼が瀬一丁目,6,33,amagasehokataisyoubo.pdf,,high,
200,大字荏隈117－4,尼ケ瀬1－6,尼が瀬一丁目,6,19,amagasehokataisyoubo.pdf,,high,
201,大字荏隈117番地の5,尼ケ瀬1組の6A,尼が瀬一丁目,6,20,amagasehokataisyoubo.pdf,,high,資料上2回出現
202,大字荏隈117番地の6,尼ケ瀬1組の6A,尼が瀬一丁目,6,21,amagasehokataisyoubo.pdf,,high,
203,大字荏隈117番地の7,尼ケ瀬1組の6A,尼が瀬一丁目,6,22,amagasehokataisyoubo.pdf,,high,
204,大字荏隈118番地の1,尼ケ瀬1組の6A,尼が瀬一丁目,6,13,amagasehokataisyoubo.pdf,,high,
205,大字荏隈118番地の5,尼ケ瀬1組の6A,尼が瀬一丁目,6,6,amagasehokataisyoubo.pdf,,high,
206,大字荏隈118番地の5,尼ケ瀬1組の6A,尼が瀬一丁目,6,7,amagasehokataisyoubo.pdf,,high,
207,大字荏隈118番地の5,尼ケ瀬1組の6A,尼が瀬一丁目,6,8,amagasehokataisyoubo.pdf,,high,
208,大字荏隈118の5番地,尼ケ瀬1組の6A,尼が瀬一丁目,6,10,amagasehokataisyoubo.pdf,,high,
209,大字荏隈118番地の5,尼ケ瀬1組の6A,尼が瀬一丁目,6,11,amagasehokataisyoubo.pdf,,high,
210,大字荏隈120番地の1,尼ケ瀬1組の6B,尼が瀬一丁目,5,8,amagasehokataisyoubo.pdf,,high,資料上2回出現
211,大字荏隈120番地の4,尼ケ瀬1組の6A,尼が瀬一丁目,6,4,amagasehokataisyoubo.pdf,,high,資料上2回出現
212,大字荏隈121番地の1,尼ケ瀬1組の6,尼が瀬一丁目,6,3,amagasehokataisyoubo.pdf,,high,
213,大字荏隈121番地の7,尼ケ瀬1組の6A,尼が瀬一丁目,6,1,amagasehokataisyoubo.pdf,,high,
214,大字荏隈121番地の8,尼ケ瀬1組の6,尼が瀬一丁目,5,6,amagasehokataisyoubo.pdf,,high,
215,大字荏隈121番地の9,尼ケ瀬1組の6B,尼が瀬一丁目,5,7,amagasehokataisyoubo.pdf,,high,資料上2回出現
216,大字荏隈122番地の2,尼ケ瀬1組の6,尼が瀬一丁目,5,9,amagasehokataisyoubo.pdf,,high,
217,大字荏隈122番地の4,尼ケ瀬1組の6B,尼が瀬一丁目,5,11,amagasehokataisyoubo.pdf,,high,
218,大字荏隈122番地の5,尼ケ瀬1組の6B,尼が瀬一丁目,5,12,amagasehokataisyoubo.pdf,,high,
219,大字荏隈122番地の6,尼ケ瀬1組の6B,尼が瀬一丁目,5,15,amagasehokataisyoubo.pdf,,high,
220,大字荏隈122番地の7,尼ケ瀬1組の6B,尼が瀬一丁目,5,18,amagasehokataisyoubo.pdf,,high,資料上2回出現
221,大字荏隈122番地の10,尼ケ瀬1組の6B,尼が瀬一丁目,5,10,amagasehokataisyoubo.pdf,,high,
222,大字荏隈123番地の3,尼ケ瀬2組の2 ﾒｿﾞﾝﾄﾞｰﾙ尼ケ瀬A棟101号,尼が瀬一丁目,4,1,amagasehokataisyoubo.pdf,,high,
223,大字荏隈123番地の3,尼ケ瀬2組の2 ﾒｿﾞﾝﾄﾞｰﾙ尼ケ瀬A棟102号,尼が瀬一丁目,4,1,amagasehokataisyoubo.pdf,,high,
224,大字荏隈123番地の3,尼ケ瀬2組の2 ﾒｿﾞﾝﾄﾞｰﾙ尼ケ瀬A棟201号,尼が瀬一丁目,4,1,amagasehokataisyoubo.pdf,,high,
225,大字荏隈123番地の3,尼ケ瀬2組の2 ﾒｿﾞﾝﾄﾞｰﾙ尼ケ瀬A棟202号,尼が瀬一丁目,4,1,amagasehokataisyoubo.pdf,,high,
226,大字荏隈123番地の3,尼ケ瀬2組の2 ﾒｿﾞﾝﾄﾞｰﾙ尼ケ瀬B棟101号,尼が瀬一丁目,4,3,amagasehokataisyoubo.pdf,,high,
227,大字荏隈123番地の3,尼ケ瀬2組の2 ﾒｿﾞﾝﾄﾞｰﾙ尼ケ瀬B棟102号,尼が瀬一丁目,4,3,amagasehokataisyoubo.pdf,,high,
228,大字荏隈123番地の3,尼ケ瀬2組の2 ﾒｿﾞﾝﾄﾞｰﾙ尼ケ瀬B棟201号,尼が瀬一丁目,4,3,amagasehokataisyoubo.pdf,,high,
229,大字荏隈123番地の3,尼ケ瀬2組の2 ﾒｿﾞﾝﾄﾞｰﾙ尼ケ瀬B棟202号,尼が瀬一丁目,4,3,amagasehokataisyoubo.pdf,,high,
230,大字荏隈123番地の3,尼ケ瀬2組の2 ﾒｿﾞﾝﾄﾞｰﾙ尼ケ瀬C棟101号,尼が瀬一丁目,4,5,amagasehokataisyoubo.pdf,,high,資料上2回出現
231,大字荏隈123番地の3,尼ケ瀬2組の2 ﾒｿﾞﾝﾄﾞｰﾙ尼ケ瀬C棟102号,尼が瀬一丁目,4,5,amagasehokataisyoubo.pdf,,high,資料上2回出現
232,大字荏隈123番地の3,尼ケ瀬2組の2 ﾒｿﾞﾝﾄﾞｰﾙ尼ケ瀬C棟201号,尼が瀬一丁目,4,5,amagasehokataisyoubo.pdf,,high,
233,大字荏隈123番地の3,尼ケ瀬2組の2 ﾒｿﾞﾝﾄﾞｰﾙ尼ケ瀬C棟202号,尼が瀬一丁目,4,5,amagasehokataisyoubo.pdf,,high,
234,大字荏隈123番地の8,尼ケ瀬1組の6B,尼が瀬一丁目,4,12,amagasehokataisyoubo.pdf,,high,
235,大字荏隈123番地の9,尼ケ瀬1組の6B,尼が瀬一丁目,4,14,amagasehokataisyoubo.pdf,,high,
236,大字荏隈123番地の10,尼ケ瀬1組の6B,尼が瀬一丁目,4,15,amagasehokataisyoubo.pdf,,high,
237,大字荏隈123番地の12,尼ケ瀬1組の6B,尼が瀬一丁目,4,21,amagasehokataisyoubo.pdf,,high,
238,大字荏隈123番地の13,尼ケ瀬1組の6B,尼が瀬一丁目,4,19,amagasehokataisyoubo.pdf,,high,
239,大字荏隈123番地の14,尼ケ瀬1組の6B,尼が瀬一丁目,4,17,amagasehokataisyoubo.pdf,,high,
240,大字荏隈123番地の15,尼ケ瀬1組の6B,尼が瀬一丁目,4,16,amagasehokataisyoubo.pdf,,high,
241,大字荏隈124番地の4,,尼が瀬一丁目,5,1,amagasehokataisyoubo.pdf,,high,資料上通称の記載なし
242,大字荏隈124番地の5,尼ケ瀬1組の6B,尼が瀬一丁目,5,3,amagasehokataisyoubo.pdf,,high,
243,大字荏隈124番地の6,尼ケ瀬1組の6B,尼が瀬一丁目,5,5,amagasehokataisyoubo.pdf,,high,
244,大字荏隈129番地の2,尼ケ瀬4組,尼が瀬三丁目,5,1,amagasehokataisyoubo.pdf,,high,
245,大字荏隈130番地の2,尼ケ瀬4組,尼が瀬三丁目,5,4,amagasehokataisyoubo.pdf,,high,
246,大字荏隈130番地の3,尼ケ瀬4組,尼が瀬三丁目,5,9,amagasehokataisyoubo.pdf,,high,
247,大字荏隈130番地の5,尼ケ瀬4組,尼が瀬三丁目,5,10,amagasehokataisyoubo.pdf,,high,
248,大字荏隈130番地の9,尼ケ瀬4組,尼が瀬三丁目,5,13,amagasehokataisyoubo.pdf,,high,
249,大字荏隈138番地の1,尼ケ瀬4組,尼が瀬三丁目,9,17,amagasehokataisyoubo.pdf,,high,
250,大字荏隈138番地の2,尼ケ瀬4組,尼が瀬三丁目,9,13,amagasehokataisyoubo.pdf,,high,
251,大字荏隈138番地の3,尼ケ瀬4組,尼が瀬三丁目,9,12,amagasehokataisyoubo.pdf,,high,
252,大字荏隈138番地の4,尼ケ瀬4組,尼が瀬三丁目,9,11,amagasehokataisyoubo.pdf,,high,
253,大字荏隈138番地の5,尼ケ瀬4組,尼が瀬三丁目,9,9,amagasehokataisyoubo.pdf,,high,
254,大字荏隈138番地の6,尼ケ瀬4組,尼が瀬三丁目,9,8,amagasehokataisyoubo.pdf,,high,
255,大字荏隈138番地の7,尼ケ瀬4組,尼が瀬三丁目,9,7,amagasehokataisyoubo.pdf,,high,
256,大字荏隈138番地の8,尼ケ瀬4組,尼が瀬三丁目,9,6,amagasehokataisyoubo.pdf,,high,
257,大字荏隈138番地の9,尼ケ瀬4組,尼が瀬三丁目,8,3,amagasehokataisyoubo.pdf,,high,
258,大字荏隈138番地の10,尼ケ瀬4組,尼が瀬三丁目,8,7,amagasehokataisyoubo.pdf,,high,
259,大字荏隈138番地の11,尼ケ瀬4組,尼が瀬三丁目,8,9,amagasehokataisyoubo.pdf,,high,
260,大字荏隈138番地の12,尼ケ瀬4組,尼が瀬三丁目,8,1,amagasehokataisyoubo.pdf,,high,
261,大字荏隈138番地の13,尼ケ瀬4組,尼が瀬三丁目,7,12,amagasehokataisyoubo.pdf,,high,
262,大字荏隈138番地の14,尼ケ瀬4組,尼が瀬三丁目,7,8,amagasehokataisyoubo.pdf,,high,
263,大字荏隈138番地の15,尼ケ瀬4組,尼が瀬三丁目,7,13,amagasehokataisyoubo.pdf,,high,
264,大字荏隈138番地の16,尼ケ瀬4組,尼が瀬三丁目,7,6,amagasehokataisyoubo.pdf,,high,
265,大字荏隈138番地の17,尼ケ瀬4組,尼が瀬三丁目,7,1,amagasehokataisyoubo.pdf,,high,
266,大字荏隈138番地の18,尼ケ瀬4組,尼が瀬三丁目,7,3,amagasehokataisyoubo.pdf,,high,
267,大字荏隈138番地の20,尼ケ瀬4組,尼が瀬三丁目,6,15,amagasehokataisyoubo.pdf,,high,
268,大字荏隈138番地の21,尼ケ瀬4組,尼が瀬三丁目,6,16,amagasehokataisyoubo.pdf,,high,
269,大字荏隈138番地の23,尼ケ瀬4組,尼が瀬三丁目,9,1,amagasehokataisyoubo.pdf,,high,
270,大字荏隈138番地の27,尼ケ瀬4組,尼が瀬三丁目,9,16,amagasehokataisyoubo.pdf,,high,
271,大字荏隈138番地の28,尼ケ瀬4組,尼が瀬三丁目,9,10,amagasehokataisyoubo.pdf,,high,
272,大字荏隈139番地の2,尼ケ瀬4組,尼が瀬三丁目,6,6,amagasehokataisyoubo.pdf,,high,
273,荏隈139－2,,尼が瀬三丁目,6,6,amagasehokataisyoubo.pdf,,high,資料上通称の記載なし
274,大字荏隈139番地の4,尼ケ瀬4組,尼が瀬三丁目,6,2,amagasehokataisyoubo.pdf,,high,
275,大字荏隈139番地の8,尼ケ瀬4組,尼が瀬三丁目,6,3,amagasehokataisyoubo.pdf,,high,
276,大字荏隈139番地の9,尼ケ瀬4組,尼が瀬三丁目,6,4,amagasehokataisyoubo.pdf,,high,
277,大字荏隈139番地の10,尼ケ瀬4組,尼が瀬三丁目,6,5,amagasehokataisyoubo.pdf,,high,
278,大字荏隈141番地の1,尼ケ瀬5組,尼が瀬三丁目,2,34,amagasehokataisyoubo.pdf,,high,
279,大字荏隈141番地の1,,尼が瀬三丁目,2,34,amagasehokataisyoubo.pdf,,high,資料上通称の記載なし
280,大字荏隈143番地の1,尼ケ瀬4組,尼が瀬三丁目,10,4,amagasehokataisyoubo.pdf,,high,
281,大字荏隈143番地の3,尼ケ瀬4組,尼が瀬三丁目,10,5,amagasehokataisyoubo.pdf,,high,
282,大字荏隈144番地の1,尼ケ瀬4組,尼が瀬三丁目,10,14,amagasehokataisyoubo.pdf,,high,
283,荏隈144番地の1,,尼が瀬三丁目,10,14,amagasehokataisyoubo.pdf,,high,資料上通称の記載なし
284,大字荏隈146番地の1,尼ケ瀬4組,尼が瀬三丁目,10,2,amagasehokataisyoubo.pdf,,high,
285,大字荏隈275番地の2,尼ケ瀬1組の4,尼が瀬一丁目,1,19,amagasehokataisyoubo.pdf,,high,
286,大字荏隈275番地の18,尼ケ瀬1組の4,尼が瀬一丁目,1,18,amagasehokataisyoubo.pdf,,high,資料上2回出現
287,大字荏隈276番地,尼ケ瀬1組の4,尼が瀬一丁目,1,16,amagasehokataisyoubo.pdf,,high,
288,大字荏隈276番地,,尼が瀬一丁目,1,16,amagasehokataisyoubo.pdf,,high,資料上通称の記載なし
289,大字荏隈277番地の1,尼ケ瀬1組の5A,尼が瀬一丁目,1,11,amagasehokataisyoubo.pdf,,high,
290,大字荏隈277番地の2,尼ケ瀬1組の5A,尼が瀬一丁目,1,7,amagasehokataisyoubo.pdf,,high,
291,大字荏隈277番地の3,尼ケ瀬1組の5A,尼が瀬一丁目,1,13,amagasehokataisyoubo.pdf,,high,
292,大字荏隈277番地の5,尼ケ瀬1組の5A,尼が瀬一丁目,1,10,amagasehokataisyoubo.pdf,,high,
293,大字荏隈277番地の6,尼ケ瀬1組の5,尼が瀬一丁目,1,12,amagasehokataisyoubo.pdf,,high,
294,大字荏隈278番地の1,尼ケ瀬1組の5 ｳｴｽﾄ・ｺｰﾄ101,尼が瀬一丁目,1,1-101,amagasehokataisyoubo.pdf,,high,
295,大字荏隈278番地の1,尼ケ瀬1組の5 ｳｴｽﾄ・ｺｰﾄ102,尼が瀬一丁目,1,1-102,amagasehokataisyoubo.pdf,,high,
296,大字荏隈278番地の1,尼ケ瀬1組の5 ｳｴｽﾄ・ｺｰﾄ103,尼が瀬一丁目,1,1-103,amagasehokataisyoubo.pdf,,high,
297,大字荏隈278番地の1,尼ケ瀬1組の5 ｳｴｽﾄ・ｺｰﾄ105,尼が瀬一丁目,1,1-105,amagasehokataisyoubo.pdf,,high,
298,大字荏隈278番地の1,尼ケ瀬1組の5 ｳｴｽﾄ・ｺｰﾄ106,尼が瀬一丁目,1,1-106,amagasehokataisyoubo.pdf,,high,
299,大字荏隈278番地の1,尼ケ瀬1組の5 ｳｴｽﾄ・ｺｰﾄ107,尼が瀬一丁目,1,1-107,amagasehokataisyoubo.pdf,,high,
300,大字荏隈278番地の1,尼ケ瀬1組の5 ｳｴｽﾄ・ｺｰﾄ201,尼が瀬一丁目,1,1-201,amagasehokataisyoubo.pdf,,high,
301,大字荏隈278番地の1,尼ケ瀬1組の5 ｳｴｽﾄ・ｺｰﾄ202,尼が瀬一丁目,1,1-202,amagasehokataisyoubo.pdf,,high,
302,大字荏隈278番地の1,尼ケ瀬1組の5 ｳｴｽﾄ・ｺｰﾄ203,尼が瀬一丁目,1,1-203,amagasehokataisyoubo.pdf,,high,資料上2回出現
303,大字荏隈278番地の1,尼ケ瀬1組の5 ｳｴｽﾄ・ｺｰﾄ205,尼が瀬一丁目,1,1-205,amagasehokataisyoubo.pdf,,high,
304,大字荏隈278番地の1,尼ケ瀬1組の5 ｳｴｽﾄ・ｺｰﾄ206,尼が瀬一丁目,1,1-206,amagasehokataisyoubo.pdf,,high,
305,大字荏隈278番地の1,尼ケ瀬1組の5 ｳｴｽﾄ・ｺｰﾄ207,尼が瀬一丁目,1,1-207,amagasehokataisyoubo.pdf,,high,
306,大字荏隈278番地の1,尼ケ瀬1組の5 ｳｴｽﾄ・ｺｰﾄ301,尼が瀬一丁目,1,1-301,amagasehokataisyoubo.pdf,,high,
307,大字荏隈278番地の1,尼ケ瀬1組の5 ｳｴｽﾄ・ｺｰﾄ302,尼が瀬一丁目,1,1-302,amagasehokataisyoubo.pdf,,high,
308,大字荏隈278番地の1,尼ケ瀬1組の5 ｳｴｽﾄ・ｺｰﾄ303,尼が瀬一丁目,1,1-303,amagasehokataisyoubo.pdf,,high,
309,大字荏隈278番地の1,尼ケ瀬1組の5 ｳｴｽﾄ・ｺｰﾄ305,尼が瀬一丁目,1,1-305,amagasehokataisyoubo.pdf,,high,
310,大字荏隈278番地の1,尼ケ瀬1組の5 ｳｴｽﾄ・ｺｰﾄ306,尼が瀬一丁目,1,1-306,amagasehokataisyoubo.pdf,,high,
311,大字荏隈278番地の1,尼ケ瀬1組の5 ｳｴｽﾄ・ｺｰﾄ307,尼が瀬一丁目,1,1-307,amagasehokataisyoubo.pdf,,high,
312,大字荏隈278番地の3,尼ケ瀬1組の5,尼が瀬一丁目,1,5,amagasehokataisyoubo.pdf,,high,
313,大字荏隈342番地の1,荏隈町2丁目4組 ﾊﾟｰｸﾚｼﾞﾃﾞﾝｽ荏隈101,荏隈町一丁目,20,43,amagasehokataisyoubo.pdf,,high,
314,大字荏隈342番地の1,荏隈町2丁目4組 ﾊﾟｰｸﾚｼﾞﾃﾞﾝｽ荏隈102,荏隈町一丁目,20,43,amagasehokataisyoubo.pdf,,high,
315,大字荏隈342番地の1,荏隈町2丁目4組 ﾊﾟｰｸﾚｼﾞﾃﾞﾝｽ荏隈201,荏隈町一丁目,20,43,amagasehokataisyoubo.pdf,,high,
316,大字荏隈342番地の1,荏隈町2丁目4組 ﾊﾟｰｸﾚｼﾞﾃﾞﾝｽ荏隈202,荏隈町一丁目,20,43,amagasehokataisyoubo.pdf,,high,
317,大字荏隈343番地の7,荏隈町2丁目4組,荏隈町一丁目,20,38,amagasehokataisyoubo.pdf,,high,資料上2回出現
318,大字荏隈343番地の8,荏隈町2丁目4組,荏隈町一丁目,20,36,amagasehokataisyoubo.pdf,,high,
319,大字荏隈343番地の9,荏隈町2丁目4組,荏隈町一丁目,20,35,amagasehokataisyoubo.pdf,,high,
320,大字荏隈343番地の10,荏隈町2丁目4組,荏隈町一丁目,20,34,amagasehokataisyoubo.pdf,,high,
321,大字荏隈343番地の11,荏隈町2丁目4組 StarBear101,荏隈町一丁目,20,25,amagasehokataisyoubo.pdf,,high,
322,大字荏隈343番地の11,荏隈町2丁目4組 StarBear102,荏隈町一丁目,20,25,amagasehokataisyoubo.pdf,,high,
323,大字荏隈343番地の11,荏隈町2丁目4組 StarBear103,荏隈町一丁目,20,25,amagasehokataisyoubo.pdf,,high,
324,大字荏隈343番地の11,荏隈町2丁目4組 StarBear105,荏隈町一丁目,20,25,amagasehokataisyoubo.pdf,,high,資料上2回出現
325,大字荏隈343番地の11,荏隈町2丁目4組 StarBear201,荏隈町一丁目,20,25,amagasehokataisyoubo.pdf,,high,
326,大字荏隈343番地の11,荏隈町2丁目4組 StarBear202,荏隈町一丁目,20,25,amagasehokataisyoubo.pdf,,high,
327,大字荏隈343番地の11,荏隈町2丁目4組 StarBear203,荏隈町一丁目,20,25,amagasehokataisyoubo.pdf,,high,
328,大字荏隈343番地の11,荏隈町2丁目4組 StarBear205,荏隈町一丁目,20,25,amagasehokataisyoubo.pdf,,high,
329,大字荏隈343番地の12,荏隈町2丁目4組,荏隈町一丁目,20,27,amagasehokataisyoubo.pdf,,high,資料上2回出現
330,大字荏隈343番地の13,荏隈町2丁目4組,荏隈町一丁目,20,29,amagasehokataisyoubo.pdf,,high,
331,大字荏隈343番地の14,荏隈町2丁目4組,荏隈町一丁目,20,32,amagasehokataisyoubo.pdf,,high,
332,大字荏隈343番地の19,荏隈町2丁目4組,荏隈町一丁目,20,31,amagasehokataisyoubo.pdf,,high,
333,大字荏隈343番地の22,荏隈町2丁目4組,荏隈町一丁目,20,28,amagasehokataisyoubo.pdf,,high,
334,大字荏隈343番地の24,荏隈町2丁目4組,荏隈町一丁目,20,39,amagasehokataisyoubo.pdf,,high,
335,大字荏隈346番地の2,荏隈町2丁目3組,荏隈町一丁目,20,17,amagasehokataisyoubo.pdf,,high,
336,大字荏隈346番地の3,荏隈町2丁目3組,荏隈町一丁目,20,21,amagasehokataisyoubo.pdf,,high,
337,大字荏隈346番地の4,荏隈町2丁目3組,荏隈町一丁目,20,14,amagasehokataisyoubo.pdf,,high,
338,大字荏隈346番地の5,荏隈町2丁目3組,荏隈町一丁目,20,13,amagasehokataisyoubo.pdf,,high,
339,大字荏隈346番地の7,荏隈町2丁目3組,荏隈町一丁目,20,9,amagasehokataisyoubo.pdf,,high,
340,大字荏隈346番地の8,荏隈町2丁目3組,荏隈町一丁目,20,8,amagasehokataisyoubo.pdf,,high,
341,大字荏隈346番地の9,荏隈町2丁目3組,荏隈町一丁目,20,6,amagasehokataisyoubo.pdf,,high,
342,大字荏隈346番地の10,荏隈町2丁目3組,荏隈町一丁目,20,5,amagasehokataisyoubo.pdf,,high,
343,大字荏隈346番地の11,荏隈町2丁目3組,荏隈町一丁目,20,3,amagasehokataisyoubo.pdf,,high,
344,大字荏隈346番地の12,荏隈町2丁目3組,荏隈町一丁目,19,6,amagasehokataisyoubo.pdf,,high,
345,大字荏隈346番地の13,荏隈町2丁目3組,荏隈町一丁目,19,3,amagasehokataisyoubo.pdf,,high,
346,大字荏隈346番地の15,荏隈町2丁目3組,荏隈町一丁目,19,13,amagasehokataisyoubo.pdf,,high,
347,大字荏隈346番地の15,,荏隈町一丁目,19,13,amagasehokataisyoubo.pdf,,high,資料上通称の記載なし
348,大字荏隈346番地の16,荏隈町2丁目3組,荏隈町一丁目,19,1,amagasehokataisyoubo.pdf,,high,資料上2回出現
349,大字荏隈346番地の18,荏隈町1丁目3組,荏隈町一丁目,17,14,amagasehokataisyoubo.pdf,,high,
350,大字荏隈346番地の19,荏隈町1丁目3組,荏隈町一丁目,17,18,amagasehokataisyoubo.pdf,,high,
351,大字荏隈346番地の20,荏隈町1丁目3組,荏隈町一丁目,17,10,amagasehokataisyoubo.pdf,,high,
352,大字荏隈346番地の21,荏隈町1丁目3組,荏隈町一丁目,17,7,amagasehokataisyoubo.pdf,,high,
353,大字荏隈346番地の22,荏隈町1丁目3組,荏隈町一丁目,17,19,amagasehokataisyoubo.pdf,,high,
354,大字荏隈346番地の23,荏隈町1丁目3組,荏隈町一丁目,17,5,amagasehokataisyoubo.pdf,,high,資料上2回出現
355,大字荏隈346番地の24,荏隈町1丁目3組,荏隈町一丁目,17,3,amagasehokataisyoubo.pdf,,high,
356,大字荏隈346番地の25,荏隈町1丁目3組,荏隈町一丁目,16,8,amagasehokataisyoubo.pdf,,high,資料上3回出現
357,大字荏隈346番地の26,荏隈町1丁目3組,荏隈町一丁目,16,6,amagasehokataisyoubo.pdf,,high,
358,大字荏隈346番地の27,荏隈町1丁目3組,荏隈町一丁目,16,5,amagasehokataisyoubo.pdf,,high,
359,大字荏隈346番地の28,荏隈町1丁目3組,荏隈町一丁目,16,3,amagasehokataisyoubo.pdf,,high,資料上2回出現
360,大字荏隈346番地の29,荏隈町1丁目3組,荏隈町一丁目,16,2,amagasehokataisyoubo.pdf,,high,
361,大字荏隈346番地の31,荏隈町1丁目2組,荏隈町一丁目,15,9,amagasehokataisyoubo.pdf,,high,資料上2回出現
362,大字荏隈346番地の32,荏隈町1丁目2組,荏隈町一丁目,15,6,amagasehokataisyoubo.pdf,,high,
363,大字荏隈346番地の33,荏隈町1丁目2組,荏隈町一丁目,15,5,amagasehokataisyoubo.pdf,,high,
364,大字荏隈346番地の34,荏隈町1丁目2組 ｺｰﾗﾙ15－101,荏隈町一丁目,15,3,amagasehokataisyoubo.pdf,,high,
365,大字荏隈346番地の34,荏隈町1丁目2組 ｺｰﾗﾙ15－102,荏隈町一丁目,15,3,amagasehokataisyoubo.pdf,,high,
366,大字荏隈346番地の34,荏隈町1丁目2組 ｺｰﾗﾙ15－201,荏隈町一丁目,15,3,amagasehokataisyoubo.pdf,,high,
367,大字荏隈346番地の34,荏隈町1丁目2組 ｺｰﾗﾙ15－202,荏隈町一丁目,15,3,amagasehokataisyoubo.pdf,,high,
368,大字荏隈346番地の36,荏隈町2丁目2組,荏隈町一丁目,12,9,amagasehokataisyoubo.pdf,,high,
369,大字荏隈346番地の37,荏隈町2丁目2組,荏隈町一丁目,12,8,amagasehokataisyoubo.pdf,,high,
370,大字荏隈346番地の38,荏隈町2丁目2組,荏隈町一丁目,12,7,amagasehokataisyoubo.pdf,,high,
371,大字荏隈346番地の39,荏隈町2丁目2組,荏隈町一丁目,12,13,amagasehokataisyoubo.pdf,,high,
372,大字荏隈346番地の40,荏隈町2丁目2組,荏隈町一丁目,12,14,amagasehokataisyoubo.pdf,,high,
373,大字荏隈346番地の41,荏隈町2丁目2組,荏隈町一丁目,12,15,amagasehokataisyoubo.pdf,,high,資料上2回出現
374,大字荏隈346番地の42,荏隈町1丁目2組,荏隈町一丁目,13,11,amagasehokataisyoubo.pdf,,high,
375,大字荏隈346番地の43,荏隈町1丁目2組,荏隈町一丁目,13,8,amagasehokataisyoubo.pdf,,high,
376,大字荏隈346番地の43,荏隈町1丁目2組,荏隈町一丁目,13,9,amagasehokataisyoubo.pdf,,high,
377,大字荏隈346番地の44,荏隈町1丁目2組,荏隈町一丁目,13,7,amagasehokataisyoubo.pdf,,high,
378,大字荏隈346番地の45,荏隈町1丁目2組,荏隈町一丁目,13,3,amagasehokataisyoubo.pdf,,high,
379,大字荏隈346番地の47,荏隈町1丁目2組,荏隈町一丁目,13,15,amagasehokataisyoubo.pdf,,high,
380,大字荏隈346番地の48,荏隈町1丁目2組,荏隈町一丁目,13,17,amagasehokataisyoubo.pdf,,high,資料上2回出現
381,大字荏隈346番地の49,荏隈町1丁目2組,荏隈町一丁目,13,1,amagasehokataisyoubo.pdf,,high,
382,大字荏隈346番地の50,荏隈町1丁目2組,荏隈町一丁目,14,9,amagasehokataisyoubo.pdf,,high,
383,大字荏隈346番地の51,荏隈町1丁目2組,荏隈町一丁目,14,7,amagasehokataisyoubo.pdf,,high,
384,大字荏隈346番地の52,荏隈町1丁目2組,荏隈町一丁目,14,6,amagasehokataisyoubo.pdf,,high,
385,大字荏隈346番地の53,荏隈町1丁目2組,荏隈町一丁目,14,3,amagasehokataisyoubo.pdf,,high,
386,荏隈346番地の53,,荏隈町一丁目,14,3,amagasehokataisyoubo.pdf,,high,資料上通称の記載なし
387,大字荏隈346番地の54,荏隈町1丁目2組,荏隈町一丁目,14,13,amagasehokataisyoubo.pdf,,high,
388,大字荏隈346番地の55,荏隈町1丁目2組,荏隈町一丁目,14,14,amagasehokataisyoubo.pdf,,high,
389,大字荏隈346番地の56,荏隈町1丁目2組,荏隈町一丁目,14,15,amagasehokataisyoubo.pdf,,high,資料上2回出現
390,大字荏隈353番地の4,荏隈町1丁目1組,荏隈町一丁目,4,13,amagasehokataisyoubo.pdf,,high,
391,大字荏隈353番地の5,荏隈町1丁目1組,荏隈町一丁目,4,15,amagasehokataisyoubo.pdf,,high,
392,大字荏隈353番地の6,荏隈町1丁目1組,荏隈町一丁目,4,9,amagasehokataisyoubo.pdf,,high,
393,大字荏隈353番地の7,荏隈町1丁目1組,荏隈町一丁目,4,5,amagasehokataisyoubo.pdf,,high,資料上2回出現
394,大字荏隈353番地の8,荏隈町1丁目1組,荏隈町一丁目,4,4,amagasehokataisyoubo.pdf,,high,資料上2回出現
395,大字荏隈353番地の9,荏隈町1丁目1組 ﾊｲﾂSUGA101,荏隈町一丁目,4,3,amagasehokataisyoubo.pdf,,high,
396,大字荏隈353番地の9,荏隈町1丁目1組 ﾊｲﾂSUGA102,荏隈町一丁目,4,3,amagasehokataisyoubo.pdf,,high,
397,大字荏隈353番地の9,荏隈町1丁目1組 ﾊｲﾂSUGA201,荏隈町一丁目,4,3,amagasehokataisyoubo.pdf,,high,
398,大字荏隈353番地の9,荏隈町1丁目1組 ﾊｲﾂSUGA202,荏隈町一丁目,4,3,amagasehokataisyoubo.pdf,,high,
399,荏隈353－10,GLAZKyouei101,荏隈町一丁目,3,8-101,amagasehokataisyoubo.pdf,,high,
400,荏隈353－10,,荏隈町一丁目,3,8-102,amagasehokataisyoubo.pdf,,high,資料上通称の記載なし
401,大字荏隈353番地の10,荏隈町1丁目1組 ｸﾞﾗﾝﾃﾞｨｱ南大分201,荏隈町一丁目,3,8-201,amagasehokataisyoubo.pdf,,high,
402,大字荏隈353番地の10,荏隈町1丁目1組 ｸﾞﾗﾝﾃﾞｨｱ南大分202,荏隈町一丁目,3,8-202,amagasehokataisyoubo.pdf,,high,
403,大字荏隈353番地の10,荏隈町1丁目1組 ｸﾞﾗﾝﾃﾞｨｱ南大分301,荏隈町一丁目,3,8-301,amagasehokataisyoubo.pdf,,high,
404,大字荏隈353番地の10,荏隈町1丁目1組 ｸﾞﾗﾝﾃﾞｨｱ南大分302,荏隈町一丁目,3,8-302,amagasehokataisyoubo.pdf,,high,
405,大字荏隈353番地の10,荏隈町1丁目1組 ｸﾞﾗﾝﾃﾞｨｱ南大分401,荏隈町一丁目,3,8-401,amagasehokataisyoubo.pdf,,high,
406,大字荏隈353番地の10,,荏隈町一丁目,3,8-401,amagasehokataisyoubo.pdf,,high,資料上通称の記載なし
407,大字荏隈353番地の10,荏隈町1丁目1組 ｸﾞﾗﾝﾃﾞｨｱ南大分402,荏隈町一丁目,3,8-402,amagasehokataisyoubo.pdf,,high,
408,大字荏隈353番地の11,荏隈町1丁目1組,荏隈町一丁目,3,12,amagasehokataisyoubo.pdf,,high,
409,大字荏隈353番地の12,荏隈町1丁目1組,荏隈町一丁目,3,13,amagasehokataisyoubo.pdf,,high,
410,大字荏隈353番地の13,荏隈町1丁目1組,荏隈町一丁目,3,15,amagasehokataisyoubo.pdf,,high,
411,大字荏隈353番地の14,荏隈町1丁目1組,荏隈町一丁目,3,16,amagasehokataisyoubo.pdf,,high,
412,大字荏隈353番地の15,荏隈町1丁目1組,荏隈町一丁目,3,5,amagasehokataisyoubo.pdf,,high,
413,大字荏隈353番地の17,荏隈町1丁目1組,荏隈町一丁目,3,2,amagasehokataisyoubo.pdf,,high,
414,大字荏隈353番地の18,荏隈町1丁目1組,荏隈町一丁目,3,1,amagasehokataisyoubo.pdf,,high,
415,大字荏隈353番地の19,,荏隈町一丁目,2,7,amagasehokataisyoubo.pdf,,high,資料上2回出現、資料上通称の記載なし
416,大字荏隈353番地の20,荏隈町1丁目1組,荏隈町一丁目,2,10,amagasehokataisyoubo.pdf,,high,
417,大字荏隈353番地の21,荏隈町1丁目1組,荏隈町一丁目,2,11,amagasehokataisyoubo.pdf,,high,
418,大字荏隈353番地の22,荏隈町1丁目1組,荏隈町一丁目,2,5,amagasehokataisyoubo.pdf,,high,
419,大字荏隈353番地の23,荏隈町1丁目1組,荏隈町一丁目,2,2,amagasehokataisyoubo.pdf,,high,
420,大字荏隈353番地の24,荏隈町1丁目1組,荏隈町一丁目,2,1,amagasehokataisyoubo.pdf,,high,
421,大字荏隈353番地の25,荏隈町1丁目1組,荏隈町一丁目,1,6,amagasehokataisyoubo.pdf,,high,
422,大字荏隈353番地の26,荏隈町1丁目1組 ﾊﾟﾅﾊｲﾂ荏隈101,荏隈町一丁目,1,7,amagasehokataisyoubo.pdf,,high,
423,大字荏隈353番地の26,荏隈町1丁目1組 ﾊﾟﾅﾊｲﾂ荏隈102,荏隈町一丁目,1,7,amagasehokataisyoubo.pdf,,high,
424,大字荏隈353番地の26,荏隈町1丁目1番 ﾊﾟﾅﾊｲﾂ荏隈103,荏隈町一丁目,1,7,amagasehokataisyoubo.pdf,,high,
425,大字荏隈353番地の26,荏隈町1丁目1組 ﾊﾟﾅﾊｲﾂ荏隈201,荏隈町一丁目,1,7,amagasehokataisyoubo.pdf,,high,
426,大字荏隈353番地の26,荏隈町1丁目1組 ﾊﾟﾅﾊｲﾂ荏隈202,荏隈町一丁目,1,7,amagasehokataisyoubo.pdf,,high,資料上3回出現
427,大字荏隈353番地の26,荏隈町1丁目1組 ﾊﾟﾅﾊｲﾂ荏隈203,荏隈町一丁目,1,7,amagasehokataisyoubo.pdf,,high,
428,大字荏隈新町400番の2,荏隈町2丁目2組,荏隈町一丁目,12,3,amagasehokataisyoubo.pdf,,high,
429,大字荏隈400番地の2,荏隈町2丁目2組 後藤ｱﾊﾟｰﾄ2F,荏隈町一丁目,12,3,amagasehokataisyoubo.pdf,,high,
430,大字荏隈400の3番地,,荏隈町一丁目,12,1,amagasehokataisyoubo.pdf,,high,資料上通称の記載なし
431,大字荏隈400番地の3,1階,荏隈町一丁目,12,1,amagasehokataisyoubo.pdf,,high,資料上2回出現
432,大字荏隈400番地の3,2階,荏隈町一丁目,12,1,amagasehokataisyoubo.pdf,,high,
433,大字荏隈400番地の4,荏隈町2丁目1組,荏隈町一丁目,5,6,amagasehokataisyoubo.pdf,,high,
434,荏隈400－4,荏隈2丁目1組,荏隈町一丁目,5,6,amagasehokataisyoubo.pdf,,high,
435,大字荏隈400番地の5,荏隈町2丁目1組,荏隈町一丁目,5,4,amagasehokataisyoubo.pdf,,high,資料上2回出現
436,大字荏隈400番地の6,荏隈町2丁目1組,荏隈町一丁目,5,3,amagasehokataisyoubo.pdf,,high,
437,大字荏隈400番地の7,荏隈町2丁目1組,荏隈町一丁目,5,12,amagasehokataisyoubo.pdf,,high,資料上2回出現
438,大字荏隈405番地の2,,荏隈町一丁目,23,9,amagasehokataisyoubo.pdf,,high,資料上2回出現、資料上通称の記載なし
439,大字荏隈405番地の3,荏隈町3丁目4組,荏隈町一丁目,23,5,amagasehokataisyoubo.pdf,,high,
440,大字荏隈405番地の4,荏隈町3丁目4組,荏隈町一丁目,23,3,amagasehokataisyoubo.pdf,,high,資料上2回出現
441,大字荏隈405番地の5,荏隈町3丁目4組,荏隈町一丁目,23,1,amagasehokataisyoubo.pdf,,high,
442,大字荏隈405番地の6,荏隈町3丁目4組,荏隈町一丁目,22,11,amagasehokataisyoubo.pdf,,high,
443,大字荏隈405番地の7,荏隈町3丁目4組,荏隈町一丁目,22,12,amagasehokataisyoubo.pdf,,high,
444,大字荏隈405番地の8,荏隈町3丁目4組,荏隈町一丁目,22,14,amagasehokataisyoubo.pdf,,high,
445,大字荏隈405番地の10,荏隈町3丁目3組,荏隈町一丁目,22,7,amagasehokataisyoubo.pdf,,high,
446,大字荏隈405番地の11,荏隈町3丁目3組,荏隈町一丁目,22,6,amagasehokataisyoubo.pdf,,high,
447,大字荏隈405番地の12,荏隈町3丁目3組 ﾒｿﾞﾝ河野101,荏隈町一丁目,22,5,amagasehokataisyoubo.pdf,,high,
448,大字荏隈405番地の12,荏隈町3丁目3組 ﾒｿﾞﾝ河野102,荏隈町一丁目,22,5,amagasehokataisyoubo.pdf,,high,
449,大字荏隈405番地の12,荏隈町3丁目3組 ﾒｿﾞﾝ河野103,荏隈町一丁目,22,5,amagasehokataisyoubo.pdf,,high,
450,大字荏隈405番地の12,荏隈町3丁目3組 ﾒｿﾞﾝ河野201,荏隈町一丁目,22,5,amagasehokataisyoubo.pdf,,high,
451,大字荏隈405番地の12,荏隈町3丁目3組 ﾒｿﾞﾝ河野202,荏隈町一丁目,22,5,amagasehokataisyoubo.pdf,,high,
452,大字荏隈405番地の12,荏隈町3丁目3組 ﾒｿﾞﾝ河野203,荏隈町一丁目,22,5,amagasehokataisyoubo.pdf,,high,
453,大字荏隈405番地の14,荏隈町3丁目3組,荏隈町一丁目,22,1,amagasehokataisyoubo.pdf,,high,
454,大字荏隈405番地の15,荏隈町3丁目3組,荏隈町一丁目,21,13,amagasehokataisyoubo.pdf,,high,
455,大字荏隈405番地の16,荏隈町3丁目3組,荏隈町一丁目,21,15,amagasehokataisyoubo.pdf,,high,
456,大字荏隈405番地の17,荏隈町3丁目3組,荏隈町一丁目,21,16,amagasehokataisyoubo.pdf,,high,
457,大字荏隈405番地の18,荏隈町3丁目3組,荏隈町一丁目,21,17,amagasehokataisyoubo.pdf,,high,
458,大字荏隈405番地の19,荏隈町3丁目3組,荏隈町一丁目,21,19,amagasehokataisyoubo.pdf,,high,
459,大字荏隈405番地の20,荏隈町3丁目3組 ﾊｲﾂえのくまA101,荏隈町一丁目,21,9,amagasehokataisyoubo.pdf,,high,
460,大字荏隈405番地の20,荏隈町3丁目3組 ﾊｲﾂえのくまA102,荏隈町一丁目,21,9,amagasehokataisyoubo.pdf,,high,
461,大字荏隈405番地の20,荏隈町3丁目3組 ﾊｲﾂえのくまB101,荏隈町一丁目,21,10,amagasehokataisyoubo.pdf,,high,
462,大字荏隈405番地の20,荏隈町3丁目3組 ﾊｲﾂえのくまB102,荏隈町一丁目,21,10,amagasehokataisyoubo.pdf,,high,
463,大字荏隈405番地の21,荏隈町3丁目3組,荏隈町一丁目,21,6,amagasehokataisyoubo.pdf,,high,
464,大字荏隈405番地の22,荏隈町3丁目3組,荏隈町一丁目,21,4,amagasehokataisyoubo.pdf,,high,
465,大字荏隈405番地の23,荏隈町3丁目3組,荏隈町一丁目,21,3,amagasehokataisyoubo.pdf,,high,
466,大字荏隈405番地の24,荏隈町3丁目3組,荏隈町一丁目,21,1,amagasehokataisyoubo.pdf,,high,
467,大字荏隈405番地の25,荏隈町3丁目2組,荏隈町一丁目,9,9,amagasehokataisyoubo.pdf,,high,
468,大字荏隈405番地の26,荏隈町3丁目2組,荏隈町一丁目,9,7,amagasehokataisyoubo.pdf,,high,資料上2回出現
469,大字荏隈405番地の27,荏隈町3丁目2組,荏隈町一丁目,9,6,amagasehokataisyoubo.pdf,,high,
470,大字荏隈405番地の29,荏隈町3丁目2組,荏隈町一丁目,9,10,amagasehokataisyoubo.pdf,,high,
471,大字荏隈405番地の30,荏隈町3丁目2組,荏隈町一丁目,9,14,amagasehokataisyoubo.pdf,,high,
472,大字荏隈405番地の31,荏隈町3丁目2組,荏隈町一丁目,9,15,amagasehokataisyoubo.pdf,,high,
473,大字荏隈405番地の32,荏隈町3丁目2組,荏隈町一丁目,9,1,amagasehokataisyoubo.pdf,,high,
474,大字荏隈405番地の32,,荏隈町一丁目,9,1,amagasehokataisyoubo.pdf,,high,資料上通称の記載なし
475,大字荏隈405番地の33,荏隈町3丁目2組,荏隈町一丁目,10,9,amagasehokataisyoubo.pdf,,high,資料上2回出現
476,大字荏隈405番地の35,荏隈町3丁目2組,荏隈町一丁目,10,5,amagasehokataisyoubo.pdf,,high,
477,大字荏隈405番地の36,荏隈町3丁目2組,荏隈町一丁目,10,3,amagasehokataisyoubo.pdf,,high,
478,大字荏隈405番地の37,荏隈町3丁目2組,荏隈町一丁目,10,10,amagasehokataisyoubo.pdf,,high,
479,大字荏隈405番地の38,荏隈町3丁目2組,荏隈町一丁目,10,13,amagasehokataisyoubo.pdf,,high,
480,大字荏隈405番地の40,荏隈3－2,荏隈町一丁目,10,1,amagasehokataisyoubo.pdf,,high,
481,大字荏隈405番地の40,荏隈町3丁目2組 佐藤ﾋﾞﾙ102号,荏隈町一丁目,10,1,amagasehokataisyoubo.pdf,,high,
482,大字荏隈405番地の40,荏隈町3丁目2組 佐藤ﾋﾞﾙ103号,荏隈町一丁目,10,1,amagasehokataisyoubo.pdf,,high,資料上2回出現
483,大字荏隈405番地の40,荏隈町3丁目2組 佐藤ﾋﾞﾙ201号,荏隈町一丁目,10,1,amagasehokataisyoubo.pdf,,high,
484,大字荏隈405番地の40,荏隈町3丁目2組 佐藤ﾋﾞﾙ202号,荏隈町一丁目,10,1,amagasehokataisyoubo.pdf,,high,
485,大字荏隈405番地の40,荏隈町3丁目2組 佐藤ﾋﾞﾙ203号,荏隈町一丁目,10,1,amagasehokataisyoubo.pdf,,high,
486,大字荏隈405番地の41,荏隈町2丁目2組 Michiru101,荏隈町一丁目,11,9,amagasehokataisyoubo.pdf,,high,
487,大字荏隈405番地の41,荏隈町2丁目2組 Michiru102,荏隈町一丁目,11,9,amagasehokataisyoubo.pdf,,high,
488,大字荏隈405番地の41,荏隈町2丁目2組 Michiru201,荏隈町一丁目,11,9,amagasehokataisyoubo.pdf,,high,
489,大字荏隈405番地の41,荏隈町2丁目2組 Michiru202,荏隈町一丁目,11,9,amagasehokataisyoubo.pdf,,high,
490,大字荏隈405番地の42,荏隈町2丁目2組,荏隈町一丁目,11,7,amagasehokataisyoubo.pdf,,high,資料上2回出現
491,大字荏隈405番地の43,荏隈町2丁目2組,荏隈町一丁目,11,5,amagasehokataisyoubo.pdf,,high,
492,大字荏隈405番地の44,荏隈町2丁目2組,荏隈町一丁目,11,3,amagasehokataisyoubo.pdf,,high,
493,大字荏隈405番地の45,荏隈町2丁目2組,荏隈町一丁目,11,10,amagasehokataisyoubo.pdf,,high,
494,大字荏隈405番地の46,荏隈町2丁目2組,荏隈町一丁目,11,13,amagasehokataisyoubo.pdf,,high,
495,大字荏隈405番地の47,荏隈町2丁目2組,荏隈町一丁目,11,15,amagasehokataisyoubo.pdf,,high,
496,大字荏隈405番地の50,荏隈町3丁目1組,荏隈町一丁目,8,12,amagasehokataisyoubo.pdf,,high,
497,大字荏隈405番地の51,荏隈町3丁目1組,荏隈町一丁目,8,13,amagasehokataisyoubo.pdf,,high,
498,大字荏隈405番地の52,荏隈町3丁目1組,荏隈町一丁目,8,15,amagasehokataisyoubo.pdf,,high,
499,大字荏隈405番地の53,荏隈町3丁目1組,荏隈町一丁目,8,6,amagasehokataisyoubo.pdf,,high,
500,大字荏隈405番地の53,荏隈町3－1,荏隈町一丁目,8,6,amagasehokataisyoubo.pdf,,high,
501,大字荏隈405番地の54,荏隈町3丁目1組,荏隈町一丁目,8,4,amagasehokataisyoubo.pdf,,high,
502,大字荏隈405番地の55,荏隈町3丁目1組,荏隈町一丁目,8,3,amagasehokataisyoubo.pdf,,high,資料上2回出現
503,大字荏隈405番地の56,荏隈町3丁目1組,荏隈町一丁目,8,1,amagasehokataisyoubo.pdf,,high,
504,大字荏隈405番地の57,荏隈町3丁目1組,荏隈町一丁目,7,9,amagasehokataisyoubo.pdf,,high,資料上2回出現
505,大字荏隈405番地の57,,荏隈町一丁目,7,9,amagasehokataisyoubo.pdf,,high,資料上通称の記載なし
506,大字荏隈405番地の58,荏隈町3丁目1組,荏隈町一丁目,7,11,amagasehokataisyoubo.pdf,,high,
507,大字荏隈405番地の59,荏隈町3丁目1組,荏隈町一丁目,7,12,amagasehokataisyoubo.pdf,,high,
508,大字荏隈405番地の60,荏隈町3丁目1組,荏隈町一丁目,7,14,amagasehokataisyoubo.pdf,,high,
509,大字荏隈405番地の61,荏隈町3丁目1組,荏隈町一丁目,7,6,amagasehokataisyoubo.pdf,,high,
510,大字荏隈405番地の62,荏隈町3丁目1組,荏隈町一丁目,7,5,amagasehokataisyoubo.pdf,,high,
511,大字荏隈405番地の63,荏隈町3丁目1組,荏隈町一丁目,7,4,amagasehokataisyoubo.pdf,,high,
512,大字荏隈405番地の64,荏隈町3丁目1組,荏隈町一丁目,7,1,amagasehokataisyoubo.pdf,,high,
513,大字荏隈405番地の65,荏隈町2丁目1組,荏隈町一丁目,6,10,amagasehokataisyoubo.pdf,,high,資料上3回出現
514,大字荏隈405番地の65,,荏隈町一丁目,6,10,amagasehokataisyoubo.pdf,,high,資料上通称の記載なし
515,大字荏隈405番地の66,荏隈町2丁目1組,荏隈町一丁目,6,11,amagasehokataisyoubo.pdf,,high,
516,大字荏隈405番地の67,荏隈町2丁目1組,荏隈町一丁目,6,12,amagasehokataisyoubo.pdf,,high,
517,大字荏隈405番地の68,荏隈町2丁目1組,荏隈町一丁目,6,13,amagasehokataisyoubo.pdf,,high,
518,大字荏隈405番地の71,荏隈町2丁目1組,荏隈町一丁目,6,5,amagasehokataisyoubo.pdf,,high,
519,大字荏隈405番地の72,荏隈町2丁目1組,荏隈町一丁目,6,4,amagasehokataisyoubo.pdf,,high,
520,大字荏隈405番地の73,荏隈町2丁目1組,荏隈町一丁目,6,2,amagasehokataisyoubo.pdf,,high,
521,大字荏隈405番地の74,荏隈町2丁目1組,荏隈町一丁目,6,1,amagasehokataisyoubo.pdf,,high,
522,大字荏隈405番地の83,荏隈町2丁目2組,荏隈町一丁目,11,11,amagasehokataisyoubo.pdf,,high,
523,大字荏隈405番地の84,荏隈町3丁目3組,荏隈町一丁目,21,5,amagasehokataisyoubo.pdf,,high,
524,大字荏隈417番地,荏隈町4丁目2組 ﾌﾚｸﾞﾗﾝｽ南大分A101,荏隈町二丁目,10,6,amagasehokataisyoubo.pdf,,high,
525,大字荏隈417番地,荏隈町4丁目2組 ﾌﾚｸﾞﾗﾝｽ南大分A102,荏隈町二丁目,10,6,amagasehokataisyoubo.pdf,,high,
526,大字荏隈417番地,荏隈町4丁目2組 ﾌﾚｸﾞﾗﾝｽ南大分A201,荏隈町二丁目,10,6,amagasehokataisyoubo.pdf,,high,
527,大字荏隈417番地,荏隈町4丁目2組 ﾌﾚｸﾞﾗﾝｽ南大分A202,荏隈町二丁目,10,6,amagasehokataisyoubo.pdf,,high,
528,大字荏隈417番地,荏隈町4丁目2組 ﾌﾚｸﾞﾗﾝｽ南大分B101,荏隈町二丁目,10,14,amagasehokataisyoubo.pdf,,high,
529,大字荏隈417番地,荏隈町4丁目2組 ﾌﾚｸﾞﾗﾝｽ南大分B102,荏隈町二丁目,10,14,amagasehokataisyoubo.pdf,,high,
530,大字荏隈417番地,荏隈町4丁目2組 ﾌﾚｸﾞﾗﾝｽ南大分B201,荏隈町二丁目,10,14,amagasehokataisyoubo.pdf,,high,
531,大字荏隈417番地,荏隈町4丁目2組 ﾌﾚｸﾞﾗﾝｽ南大分B202,荏隈町二丁目,10,14,amagasehokataisyoubo.pdf,,high,
532,大字荏隈417番地の11,荏隈町4丁目4組,荏隈町二丁目,21,22,amagasehokataisyoubo.pdf,,high,
533,大字荏隈417番地の13,荏隈町4丁目4組,荏隈町二丁目,21,18,amagasehokataisyoubo.pdf,,high,
534,荏隈417－14,TMﾋﾞﾙ101,荏隈町二丁目,11,1-101,amagasehokataisyoubo.pdf,,high,
535,荏隈417－14,TMﾋﾞﾙ102号,荏隈町二丁目,11,1-102,amagasehokataisyoubo.pdf,,high,
536,大字荏隈417番地の14,荏隈町4丁目4組,荏隈町二丁目,21,16,amagasehokataisyoubo.pdf,,high,
537,大字荏隈417番地の15,荏隈町4丁目4組,荏隈町二丁目,21,14,amagasehokataisyoubo.pdf,,high,
538,大字荏隈417番地の16,荏隈町4丁目4組,荏隈町二丁目,21,12,amagasehokataisyoubo.pdf,,high,
539,大字荏隈417番地の17,荏隈町4丁目4組,荏隈町二丁目,21,1,amagasehokataisyoubo.pdf,,high,
540,大字荏隈417番地の18,荏隈町4丁目4組,荏隈町二丁目,21,3,amagasehokataisyoubo.pdf,,high,
541,大字荏隈417番地の19,荏隈町4丁目4組,荏隈町二丁目,21,4,amagasehokataisyoubo.pdf,,high,資料上3回出現
542,大字荏隈417番地の20,荏隈町4丁目4組,荏隈町二丁目,21,6,amagasehokataisyoubo.pdf,,high,
543,大字荏隈417番地の23,荏隈町4丁目4組,荏隈町二丁目,20,22,amagasehokataisyoubo.pdf,,high,資料上2回出現
544,大字荏隈417番地の25,荏隈町4丁目4組,荏隈町二丁目,20,18,amagasehokataisyoubo.pdf,,high,
545,大字荏隈417番地の26,荏隈町4丁目4組,荏隈町二丁目,20,16,amagasehokataisyoubo.pdf,,high,
546,大字荏隈417番地の27,荏隈町4丁目4組,荏隈町二丁目,20,15,amagasehokataisyoubo.pdf,,high,
547,大字荏隈417番地の28,荏隈町4丁目4組,荏隈町二丁目,20,12,amagasehokataisyoubo.pdf,,high,
548,大字荏隈417番地の29,荏隈町4丁目3組,荏隈町二丁目,20,1,amagasehokataisyoubo.pdf,,high,
549,大字荏隈417番地の30,荏隈町4丁目3組,荏隈町二丁目,20,3,amagasehokataisyoubo.pdf,,high,
550,大字荏隈417番地の30,,荏隈町二丁目,20,3,amagasehokataisyoubo.pdf,,high,資料上通称の記載なし
551,大字荏隈417番地の32,荏隈町4丁目3組,荏隈町二丁目,20,6,amagasehokataisyoubo.pdf,,high,
552,大字荏隈417番地の33,荏隈町4丁目3組,荏隈町二丁目,20,8,amagasehokataisyoubo.pdf,,high,
553,大字荏隈417番地の34,荏隈町4丁目3組,荏隈町二丁目,20,11,amagasehokataisyoubo.pdf,,high,
554,大字荏隈417番地の35,荏隈町4丁目3組,荏隈町二丁目,13,22,amagasehokataisyoubo.pdf,,high,
555,大字荏隈417番地の36,荏隈町4丁目3組,荏隈町二丁目,13,20,amagasehokataisyoubo.pdf,,high,
556,大字荏隈417番地の37,荏隈町4丁目3組,荏隈町二丁目,13,18,amagasehokataisyoubo.pdf,,high,資料上2回出現
557,大字荏隈417番地の38,荏隈町4丁目3組,荏隈町二丁目,13,16,amagasehokataisyoubo.pdf,,high,
558,大字荏隈417番地の39,荏隈町4丁目3組,荏隈町二丁目,13,14,amagasehokataisyoubo.pdf,,high,
559,大字荏隈417番地の40,荏隈町4丁目3組,荏隈町二丁目,13,13,amagasehokataisyoubo.pdf,,high,
560,大字荏隈417番地の41,荏隈町4丁目3組,荏隈町二丁目,13,1,amagasehokataisyoubo.pdf,,high,
561,大字荏隈417番地の42,荏隈町4丁目3組,荏隈町二丁目,13,3,amagasehokataisyoubo.pdf,,high,
562,大字荏隈417番地の44,荏隈町4丁目3組,荏隈町二丁目,13,6,amagasehokataisyoubo.pdf,,high,
563,大字荏隈417番地の46,荏隈町4丁目3組,荏隈町二丁目,13,9,amagasehokataisyoubo.pdf,,high,
564,大字荏隈417番地の47,荏隈町4丁目2組,荏隈町二丁目,12,12,amagasehokataisyoubo.pdf,,high,
565,大字荏隈417番地の49,荏隈町4丁目2組,荏隈町二丁目,11,10,amagasehokataisyoubo.pdf,,high,
566,大字荏隈417番地の51,荏隈町4丁目2組,荏隈町二丁目,10,9,amagasehokataisyoubo.pdf,,high,
567,大字荏隈417番地の52,,荏隈町二丁目,12,1,amagasehokataisyoubo.pdf,,high,資料上通称の記載なし
568,大字荏隈417番地の60,荏隈町4丁目2組,荏隈町二丁目,10,15,amagasehokataisyoubo.pdf,,high,
569,大字荏隈417番地の64,荏隈町4丁目2組 TMﾋﾞﾙ201,荏隈町二丁目,11,1-201,amagasehokataisyoubo.pdf,,high,
570,大字荏隈417番地の64,荏隈町4丁目2組 TMﾋﾞﾙ202,荏隈町二丁目,11,1-202,amagasehokataisyoubo.pdf,,high,
571,大字荏隈417番地の64,荏隈町4丁目2組 TMﾋﾞﾙ301,荏隈町二丁目,11,1-301,amagasehokataisyoubo.pdf,,high,
572,大字荏隈417番地の64,荏隈町4丁目2組 TMﾋﾞﾙ302,荏隈町二丁目,11,1-302,amagasehokataisyoubo.pdf,,high,
573,大字荏隈417番地の65,荏隈町4丁目2組,荏隈町二丁目,10,1,amagasehokataisyoubo.pdf,,high,資料上2回出現
574,大字荏隈417番地の66,,荏隈町二丁目,10,3,amagasehokataisyoubo.pdf,,high,資料上通称の記載なし
575,大字荏隈417番地の67,荏隈町4丁目1組,荏隈町二丁目,1,6,amagasehokataisyoubo.pdf,,high,資料上2回出現
576,荏隈町417番地67,,荏隈町二丁目,1,6,amagasehokataisyoubo.pdf,,high,資料上通称の記載なし
577,大字荏隈417番地の68,荏隈町4丁目1組,荏隈町二丁目,1,9,amagasehokataisyoubo.pdf,,high,
578,大字荏隈417番地の69,荏隈町4丁目1組,荏隈町二丁目,1,10,amagasehokataisyoubo.pdf,,high,資料上2回出現
579,大字荏隈417番地70,,荏隈町二丁目,2,8,amagasehokataisyoubo.pdf,,high,資料上通称の記載なし
580,大字荏隈宇野町417番地70,荏隈4－1組,荏隈町二丁目,2,8,amagasehokataisyoubo.pdf,,high,
581,大字荏隈417番地の71,荏隈町4丁目1組,荏隈町二丁目,2,5,amagasehokataisyoubo.pdf,,high,資料上2回出現
582,大字荏隈417番地の72,荏隈町4丁目1組,荏隈町二丁目,2,15,amagasehokataisyoubo.pdf,,high,
583,大字荏隈417番地の73,荏隈町4丁目1組,荏隈町二丁目,2,14,amagasehokataisyoubo.pdf,,high,
584,大字荏隈417番地の74,荏隈町4丁目1組,荏隈町二丁目,2,18,amagasehokataisyoubo.pdf,,high,
585,大字荏隈417番地の75,荏隈町4丁目1組,荏隈町二丁目,2,20,amagasehokataisyoubo.pdf,,high,
586,大字荏隈417番地の76,荏隈町4丁目1組,荏隈町二丁目,2,22,amagasehokataisyoubo.pdf,,high,資料上2回出現
587,大字荏隈417の86番地,荏隈町4丁目2組,荏隈町二丁目,12,9,amagasehokataisyoubo.pdf,,high,
588,大字荏隈417番地の89,荏隈町4丁目2組,荏隈町二丁目,11,5,amagasehokataisyoubo.pdf,,high,
589,大字荏隈417番地の96,荏隈町4丁目2組,荏隈町二丁目,11,11,amagasehokataisyoubo.pdf,,high,
590,大字荏隈417番地の97,荏隈町4丁目4組,荏隈町二丁目,21,7,amagasehokataisyoubo.pdf,,high,
591,荏隈429番地の1,,荏隈町二丁目,1,1,amagasehokataisyoubo.pdf,,high,資料上通称の記載なし
592,大字荏隈429番地の1,荏隈町4丁目1組,荏隈町二丁目,2,2,amagasehokataisyoubo.pdf,,high,
593,大字荏隈429番地の1,荏隈町4丁目1組,荏隈町二丁目,2,3,amagasehokataisyoubo.pdf,,high,
594,荏隈429番地の6,,荏隈町二丁目,1,4,amagasehokataisyoubo.pdf,,high,資料上通称の記載なし
595,大字荏隈429番地の8,荏隈町4丁目1組,荏隈町二丁目,2,1,amagasehokataisyoubo.pdf,,high,
596,大字荏隈429番地の11,荏隈町4丁目1組,荏隈町二丁目,2,24,amagasehokataisyoubo.pdf,,high,
597,大字荏隈498番地の2,荏隈町5丁目4組,荏隈町二丁目,22,19,amagasehokataisyoubo.pdf,,high,
598,大字荏隈498番地の3,荏隈町5丁目4組,荏隈町二丁目,22,17,amagasehokataisyoubo.pdf,,high,
599,大字荏隈498番地の4,荏隈町5丁目4組,荏隈町二丁目,22,16,amagasehokataisyoubo.pdf,,high,資料上2回出現
600,大字荏隈498番地の4,荏隈町6丁目4組,荏隈町二丁目,23,16,amagasehokataisyoubo.pdf,,high,
601,大字荏隈498番地の5,荏隈町5丁目4組,荏隈町二丁目,22,11,amagasehokataisyoubo.pdf,,high,
602,大字荏隈498番地の7,荏隈町6丁目4組,荏隈町二丁目,23,18,amagasehokataisyoubo.pdf,,high,
603,大字荏隈498番地の9,荏隈町6丁目4組,荏隈町二丁目,23,14,amagasehokataisyoubo.pdf,,high,
604,大字荏隈498番地の10,荏隈町6丁目4組,荏隈町二丁目,23,13,amagasehokataisyoubo.pdf,,high,
605,大字荏隈498番地の11,荏隈町6丁目4組,荏隈町二丁目,23,11,amagasehokataisyoubo.pdf,,high,
606,大字荏隈498番地の12,荏隈町5丁目4組,荏隈町二丁目,22,1,amagasehokataisyoubo.pdf,,high,
607,大字荏隈498番地の13,荏隈町5丁目4組,荏隈町二丁目,22,2,amagasehokataisyoubo.pdf,,high,
608,大字荏隈498番地の14,荏隈町5丁目4組,荏隈町二丁目,22,4,amagasehokataisyoubo.pdf,,high,
609,大字荏隈498番地の15,荏隈町5丁目4組,荏隈町二丁目,22,5,amagasehokataisyoubo.pdf,,high,
610,大字荏隈498番地の16,荏隈町5丁目4組,荏隈町二丁目,22,10,amagasehokataisyoubo.pdf,,high,
611,大字荏隈498番地の17,荏隈町6丁目4組,荏隈町二丁目,23,1,amagasehokataisyoubo.pdf,,high,
612,大字荏隈498番地の18,荏隈町6丁目4組,荏隈町二丁目,23,2,amagasehokataisyoubo.pdf,,high,
613,大字荏隈498番地の20,荏隈町6丁目4組,荏隈町二丁目,23,8,amagasehokataisyoubo.pdf,,high,資料上2回出現
614,大字荏隈498番地の21,荏隈町5丁目4組,荏隈町二丁目,19,21,amagasehokataisyoubo.pdf,,high,
615,大字荏隈498番地の22,荏隈町5丁目4組,荏隈町二丁目,19,17,amagasehokataisyoubo.pdf,,high,
616,大字荏隈498番地の23,荏隈町5丁目4組,荏隈町二丁目,19,15,amagasehokataisyoubo.pdf,,high,
617,大字荏隈498番地の24,荏隈町5丁目4組,荏隈町二丁目,19,14,amagasehokataisyoubo.pdf,,high,
618,大字荏隈498番地の25,荏隈町5丁目4組,荏隈町二丁目,19,10,amagasehokataisyoubo.pdf,,high,
619,大字荏隈498番地の26,荏隈町6丁目4組,荏隈町二丁目,18,17,amagasehokataisyoubo.pdf,,high,資料上2回出現
620,大字荏隈498番地の27,荏隈町6丁目4組,荏隈町二丁目,18,14,amagasehokataisyoubo.pdf,,high,
621,大字荏隈498番地の28,荏隈町6丁目4組,荏隈町二丁目,18,12,amagasehokataisyoubo.pdf,,high,資料上2回出現
622,大字荏隈498番地の29,荏隈町6丁目4組,荏隈町二丁目,18,8,amagasehokataisyoubo.pdf,,high,
623,大字荏隈498番地の30,荏隈町5丁目3組,荏隈町二丁目,19,1,amagasehokataisyoubo.pdf,,high,
624,大字荏隈498番地の31,荏隈町5丁目3組,荏隈町二丁目,19,3,amagasehokataisyoubo.pdf,,high,
625,大字荏隈498番地の32,荏隈町5丁目3組,荏隈町二丁目,19,5,amagasehokataisyoubo.pdf,,high,
626,大字荏隈498番地の33,荏隈町5丁目3組,荏隈町二丁目,19,6,amagasehokataisyoubo.pdf,,high,
627,大字荏隈498番地の34,荏隈町5丁目3組,荏隈町二丁目,19,7,amagasehokataisyoubo.pdf,,high,
628,大字荏隈498番地の35,荏隈町6丁目3組,荏隈町二丁目,18,1,amagasehokataisyoubo.pdf,,high,
629,大字荏隈498番地の37,荏隈町6丁目3組,荏隈町二丁目,18,5,amagasehokataisyoubo.pdf,,high,
630,大字荏隈498番地の38,荏隈町6丁目3組,荏隈町二丁目,18,7,amagasehokataisyoubo.pdf,,high,
631,大字荏隈498番地の39,荏隈町5丁目3組,荏隈町二丁目,14,18,amagasehokataisyoubo.pdf,,high,
632,大字荏隈498番地の40,荏隈町5丁目3組,荏隈町二丁目,14,17,amagasehokataisyoubo.pdf,,high,
633,大字荏隈498番地の42,荏隈町5丁目3組,荏隈町二丁目,14,11,amagasehokataisyoubo.pdf,,high,
634,大字荏隈498番地の43,荏隈町6丁目3組,荏隈町二丁目,15,14,amagasehokataisyoubo.pdf,,high,
635,大字荏隈498番地の44,荏隈町6丁目3組,荏隈町二丁目,15,12,amagasehokataisyoubo.pdf,,high,
636,大字荏隈498番地の45,荏隈町6丁目3組,荏隈町二丁目,15,10,amagasehokataisyoubo.pdf,,high,
637,大字荏隈498番地の46,荏隈町6丁目3組,荏隈町二丁目,15,8,amagasehokataisyoubo.pdf,,high,資料上2回出現
638,大字荏隈498番地の47,荏隈町5丁目3組,荏隈町二丁目,14,1,amagasehokataisyoubo.pdf,,high,
639,大字荏隈498番地の48,荏隈町5丁目3組,荏隈町二丁目,14,2,amagasehokataisyoubo.pdf,,high,
640,大字荏隈498番地の49,荏隈町5丁目3組,荏隈町二丁目,14,7,amagasehokataisyoubo.pdf,,high,
641,大字荏隈498番地の50,荏隈町6丁目3組,荏隈町二丁目,15,1,amagasehokataisyoubo.pdf,,high,
642,大字荏隈498番地の51,荏隈町6丁目3組,荏隈町二丁目,15,3,amagasehokataisyoubo.pdf,,high,資料上2回出現
643,大字荏隈498番地の52,荏隈町6丁目3組,荏隈町二丁目,15,4,amagasehokataisyoubo.pdf,,high,
644,大字荏隈498番地の53,荏隈町6丁目3組,荏隈町二丁目,15,7,amagasehokataisyoubo.pdf,,high,
645,大字荏隈498番地の54,荏隈町5丁目2組,荏隈町二丁目,9,11,amagasehokataisyoubo.pdf,,high,
646,大字荏隈498番地の55,荏隈町5丁目2組,荏隈町二丁目,9,10,amagasehokataisyoubo.pdf,,high,
647,大字荏隈498番地の56,荏隈町5丁目2組,荏隈町二丁目,8,12,amagasehokataisyoubo.pdf,,high,
648,大字荏隈498番地の57,荏隈町5丁目2組,荏隈町二丁目,8,8,amagasehokataisyoubo.pdf,,high,
649,大字荏隈498番地の58,荏隈町6丁目2組,荏隈町二丁目,7,11,amagasehokataisyoubo.pdf,,high,資料上2回出現
650,大字荏隈498番地の59,荏隈町6丁目2組,荏隈町二丁目,7,8,amagasehokataisyoubo.pdf,,high,
651,大字荏隈498番地の60,荏隈町6丁目2組,荏隈町二丁目,6,9,amagasehokataisyoubo.pdf,,high,
652,大字荏隈498番地の61,荏隈町5丁目2組,荏隈町二丁目,9,14,amagasehokataisyoubo.pdf,,high,
653,大字荏隈498番地の62,荏隈町5丁目2組,荏隈町二丁目,9,7,amagasehokataisyoubo.pdf,,high,
654,大字荏隈498番地の63,荏隈町5丁目2組,荏隈町二丁目,8,13,amagasehokataisyoubo.pdf,,high,
655,大字荏隈498番地の64,荏隈町5丁目2組,荏隈町二丁目,8,7,amagasehokataisyoubo.pdf,,high,資料上2回出現
656,大字荏隈498番地の65,荏隈町6丁目2組,荏隈町二丁目,7,13,amagasehokataisyoubo.pdf,,high,
657,大字荏隈498番地の66,荏隈町6丁目2組,荏隈町二丁目,7,7,amagasehokataisyoubo.pdf,,high,
658,大字荏隈498番地の67,荏隈町6丁目2組,荏隈町二丁目,6,10,amagasehokataisyoubo.pdf,,high,
659,大字荏隈498番地の69,荏隈町5丁目2組,荏隈町二丁目,9,6,amagasehokataisyoubo.pdf,,high,資料上2回出現
660,大字荏隈498番地の70,荏隈町5丁目2組,荏隈町二丁目,8,14,amagasehokataisyoubo.pdf,,high,
661,大字荏隈498番地の71,荏隈町5丁目2組,荏隈町二丁目,8,6,amagasehokataisyoubo.pdf,,high,
662,大字荏隈498番地72,荏隈町6－2,荏隈町二丁目,7,14,amagasehokataisyoubo.pdf,,high,
663,大字荏隈498番地の73,荏隈町6丁目2組,荏隈町二丁目,7,5,amagasehokataisyoubo.pdf,,high,資料上2回出現
664,大字荏隈498番地の74,荏隈町6丁目2組,荏隈町二丁目,6,11,amagasehokataisyoubo.pdf,,high,
665,大字荏隈498番地の75,荏隈町5丁目2組,荏隈町二丁目,9,1,amagasehokataisyoubo.pdf,,high,
666,大字荏隈498番地の76,荏隈町5丁目2組,荏隈町二丁目,9,3,amagasehokataisyoubo.pdf,,high,
667,大字荏隈498番地の77,荏隈町5丁目2組,荏隈町二丁目,8,1,amagasehokataisyoubo.pdf,,high,
668,大字荏隈498番地の78,,荏隈町二丁目,8,3,amagasehokataisyoubo.pdf,,high,資料上通称の記載なし
669,大字荏隈498番地の79,荏隈町6丁目2組,荏隈町二丁目,7,1,amagasehokataisyoubo.pdf,,high,資料上2回出現
670,大字荏隈498番地の80,荏隈町6丁目2組,荏隈町二丁目,7,3,amagasehokataisyoubo.pdf,,high,
671,大字荏隈498番地の84,荏隈町5丁目3組,荏隈町二丁目,14,10,amagasehokataisyoubo.pdf,,high,
672,大字荏隈498番地の95,,荏隈町二丁目,14,20,amagasehokataisyoubo.pdf,,high,資料上通称の記載なし
673,大字荏隈706番地,荏隈町7丁目3組,荏隈町二丁目,16,1,amagasehokataisyoubo.pdf,,high,
674,大字荏隈706番地の4,荏隈町7丁目4組,荏隈町二丁目,24,11,amagasehokataisyoubo.pdf,,high,
675,大字荏隈706番地の5,荏隈町7丁目4組,荏隈町二丁目,24,15,amagasehokataisyoubo.pdf,,high,
676,大字荏隈706番地の6,荏隈町7丁目4組,荏隈町二丁目,24,16,amagasehokataisyoubo.pdf,,high,
677,大字荏隈706番地の8,荏隈町7丁目4組,荏隈町二丁目,24,18,amagasehokataisyoubo.pdf,,high,
678,大字荏隈706番地の9,荏隈町7丁目4組,荏隈町二丁目,24,10,amagasehokataisyoubo.pdf,,high,
679,大字荏隈706番地の10,荏隈町7丁目4組,荏隈町二丁目,24,7,amagasehokataisyoubo.pdf,,high,
680,大字荏隈706番地の11,荏隈町7丁目4組,荏隈町二丁目,24,5,amagasehokataisyoubo.pdf,,high,
681,大字荏隈706番地の12,荏隈町7丁目4組,荏隈町二丁目,24,3,amagasehokataisyoubo.pdf,,high,資料上2回出現
682,大字荏隈706番地の13,荏隈町7丁目4組,荏隈町二丁目,24,1,amagasehokataisyoubo.pdf,,high,
683,大字荏隈706番地の14,荏隈町7丁目4組,荏隈町二丁目,17,14,amagasehokataisyoubo.pdf,,high,
684,大字荏隈706番地の16,荏隈町7丁目4組,荏隈町二丁目,17,17,amagasehokataisyoubo.pdf,,high,
685,大字荏隈706番地の17,荏隈町7丁目4組,荏隈町二丁目,17,18,amagasehokataisyoubo.pdf,,high,資料上2回出現
686,大字荏隈706番地の18,荏隈町7丁目4組,荏隈町二丁目,17,20,amagasehokataisyoubo.pdf,,high,
687,大字荏隈706番地の19,荏隈町7丁目3組,荏隈町二丁目,17,11,amagasehokataisyoubo.pdf,,high,
688,大字荏隈706番地の19,,荏隈町二丁目,17,11,amagasehokataisyoubo.pdf,,high,資料上通称の記載なし
689,大字荏隈706番地の20,荏隈町7丁目3組,荏隈町二丁目,17,6,amagasehokataisyoubo.pdf,,high,
690,大字荏隈706番地の21,荏隈町7丁目3組,荏隈町二丁目,17,5,amagasehokataisyoubo.pdf,,high,
691,大字荏隈706番地の23,荏隈町7丁目3組,荏隈町二丁目,17,1,amagasehokataisyoubo.pdf,,high,資料上2回出現
692,大字荏隈706番地の24,荏隈町7丁目3組,荏隈町二丁目,16,12,amagasehokataisyoubo.pdf,,high,資料上2回出現
693,大字荏隈706番地の25,荏隈町7丁目3組,荏隈町二丁目,16,15,amagasehokataisyoubo.pdf,,high,
694,大字荏隈706番地の26,荏隈町7丁目3組,荏隈町二丁目,16,17,amagasehokataisyoubo.pdf,,high,
695,大字荏隈706番地の28,荏隈町7丁目3組,荏隈町二丁目,16,19,amagasehokataisyoubo.pdf,,high,
696,大字荏隈706番地の29,荏隈町7丁目3組,荏隈町二丁目,16,10,amagasehokataisyoubo.pdf,,high,
697,大字荏隈706番地の30,荏隈町7丁目3組,荏隈町二丁目,16,6,amagasehokataisyoubo.pdf,,high,
698,大字荏隈706番地の31,荏隈町7丁目3組,荏隈町二丁目,16,5,amagasehokataisyoubo.pdf,,high,資料上2回出現
699,大字荏隈706番地の32,荏隈町7丁目3組,荏隈町二丁目,16,4,amagasehokataisyoubo.pdf,,high,
700,大字荏隈706番地の33,荏隈町7丁目3組,荏隈町二丁目,16,3,amagasehokataisyoubo.pdf,,high,資料上2回出現
701,大字荏隈706番地の35,荏隈町7丁目2組,荏隈町二丁目,5,13,amagasehokataisyoubo.pdf,,high,
702,大字荏隈706番地の36,荏隈町7丁目2組,荏隈町二丁目,5,10,amagasehokataisyoubo.pdf,,high,
703,大字荏隈706番地の37,荏隈町7丁目2組,荏隈町二丁目,4,17,amagasehokataisyoubo.pdf,,high,
704,大字荏隈706番地の38,荏隈町7丁目2組,荏隈町二丁目,4,15,amagasehokataisyoubo.pdf,,high,
705,大字荏隈706番地の39,荏隈町7丁目2組,荏隈町二丁目,4,13,amagasehokataisyoubo.pdf,,high,
706,大字荏隈706番地の40,荏隈町7丁目2組,荏隈町二丁目,5,14,amagasehokataisyoubo.pdf,,high,
707,大字荏隈706番地の41,荏隈町7丁目2組,荏隈町二丁目,5,8,amagasehokataisyoubo.pdf,,high,
708,大字荏隈706番地の42,荏隈町7丁目2組,荏隈町二丁目,4,19,amagasehokataisyoubo.pdf,,high,
709,大字荏隈706番地の43,荏隈町7丁目2組,荏隈町二丁目,4,23,amagasehokataisyoubo.pdf,,high,資料上2回出現
710,大字荏隈706番地の48,荏隈町7丁目2組,荏隈町二丁目,4,1,amagasehokataisyoubo.pdf,,high,
711,大字荏隈706番地の50,荏隈町7丁目4組,荏隈町二丁目,24,4,amagasehokataisyoubo.pdf,,high,資料上2回出現
712,大字荏隈706番地の62,荏隈町7丁目3組,荏隈町二丁目,16,16,amagasehokataisyoubo.pdf,,high,
713,大字荏隈706番地の63,荏隈町7丁目3組,荏隈町二丁目,17,7,amagasehokataisyoubo.pdf,,high,
714,大字荏隈715番地の1,荏隈町7丁目2組,荏隈町二丁目,4,11,amagasehokataisyoubo.pdf,,high,
715,大字荏隈715番地の3,荏隈町7丁目2組,荏隈町二丁目,4,3,amagasehokataisyoubo.pdf,,high,
716,大字荏隈715番地の3,荏隈7丁目2組,荏隈町二丁目,4,3,amagasehokataisyoubo.pdf,,high,
717,大字荏隈1231番地の3,賀来新川16組,賀来新川二丁目,7,1,amagasehokataisyoubo.pdf,,high,資料上2回出現
718,大字荏隈1384番地の1,ﾂｲﾝﾌﾟﾗｻﾞ大分弐番館,賀来新川一丁目,4,2,amagasehokataisyoubo.pdf,,high,
719,大字荏隈1384番地の1,賀来新川 ﾂｲﾝﾌﾟﾗｻﾞ大分弐番館101,賀来新川一丁目,4,2-101,amagasehokataisyoubo.pdf,,high,資料上2回出現
720,大字荏隈1384番地の1,賀来新川 ﾂｲﾝﾌﾟﾗｻﾞ大分弐番館102,賀来新川一丁目,4,2-102,amagasehokataisyoubo.pdf,,high,
721,大字荏隈1384番地の1,賀来新川 ﾂｲﾝﾌﾟﾗｻﾞ大分弐番館103,賀来新川一丁目,4,2-103,amagasehokataisyoubo.pdf,,high,
722,大字荏隈1384番地の1,賀来新川 ﾂｲﾝﾌﾟﾗｻﾞ大分弐番館201,賀来新川一丁目,4,2-201,amagasehokataisyoubo.pdf,,high,
723,大字荏隈1384番地の1,賀来新川 ﾂｲﾝﾌﾟﾗｻﾞ大分弐番館202,賀来新川一丁目,4,2-202,amagasehokataisyoubo.pdf,,high,
724,大字荏隈1384番地の1,賀来新川 ﾂｲﾝﾌﾟﾗｻﾞ大分弐番館203,賀来新川一丁目,4,2-203,amagasehokataisyoubo.pdf,,high,資料上2回出現
725,大字荏隈1384番地の1,ﾂｲﾝﾌﾟﾗｻﾞ大分弐番館203,賀来新川一丁目,4,2-203,amagasehokataisyoubo.pdf,,high,
726,大字荏隈1384番地の1,賀来新川 ﾂｲﾝﾌﾟﾗｻﾞ大分弐番館204,賀来新川一丁目,4,2-204,amagasehokataisyoubo.pdf,,high,資料上2回出現
727,大字荏隈1384番地の1,賀来新川 ﾂｲﾝﾌﾟﾗｻﾞ大分弐番館205,賀来新川一丁目,4,2-205,amagasehokataisyoubo.pdf,,high,
728,大字荏隈1384番地の1,賀来新川 ﾂｲﾝﾌﾟﾗｻﾞ大分弐番館206,賀来新川一丁目,4,2-206,amagasehokataisyoubo.pdf,,high,
729,大字荏隈1384番地の1,賀来新川 ﾂｲﾝﾌﾟﾗｻﾞ大分弐番館207,賀来新川一丁目,4,2-207,amagasehokataisyoubo.pdf,,high,
730,大字荏隈1384番地の1,賀来新川 ﾂｲﾝﾌﾟﾗｻﾞ大分弐番館208,賀来新川一丁目,4,2-208,amagasehokataisyoubo.pdf,,high,
731,大字荏隈1384番地の1(208),,賀来新川一丁目,4,2-208,amagasehokataisyoubo.pdf,,high,資料上通称の記載なし
732,大字荏隈1384番地の1,賀来新川 ﾂｲﾝﾌﾟﾗｻﾞ大分弐番館209,賀来新川一丁目,4,2-209,amagasehokataisyoubo.pdf,,high,
733,大字荏隈1384番地の1,賀来新川 ﾂｲﾝﾌﾟﾗｻﾞ大分弐番館210,賀来新川一丁目,4,2-210,amagasehokataisyoubo.pdf,,high,
734,大字荏隈1384番地の1,賀来新川 ﾂｲﾝﾌﾟﾗｻﾞ大分弐番館301,賀来新川一丁目,4,2-301,amagasehokataisyoubo.pdf,,high,
735,大字荏隈1384番地の1,賀来新川 ﾂｲﾝﾌﾟﾗｻﾞ大分弐番館302,賀来新川一丁目,4,2-302,amagasehokataisyoubo.pdf,,high,
736,大字荏隈1384番地の1,賀来新川 ﾂｲﾝﾌﾟﾗｻﾞ大分弐番館303,賀来新川一丁目,4,2-303,amagasehokataisyoubo.pdf,,high,
737,大字荏隈1384番地の1,賀来新川 ﾂｲﾝﾌﾟﾗｻﾞ大分弐番館304,賀来新川一丁目,4,2-304,amagasehokataisyoubo.pdf,,high,
738,大字荏隈1384番地の1,賀来新川 ﾂｲﾝﾌﾟﾗｻﾞ大分弐番館305,賀来新川一丁目,4,2-305,amagasehokataisyoubo.pdf,,high,
739,大字荏隈1384番地の1,賀来新川 ﾂｲﾝﾌﾟﾗｻﾞ大分弐番館306,賀来新川一丁目,4,2-306,amagasehokataisyoubo.pdf,,high,
740,大字荏隈1384番地の1,賀来新川 ﾂｲﾝﾌﾟﾗｻﾞ大分弐番館307,賀来新川一丁目,4,2-307,amagasehokataisyoubo.pdf,,high,
741,大字荏隈1384番地の1,賀来新川 ﾂｲﾝﾌﾟﾗｻﾞ大分弐番館308,賀来新川一丁目,4,2-308,amagasehokataisyoubo.pdf,,high,
742,大字荏隈1384番地の1,賀来新川 ﾂｲﾝﾌﾟﾗｻﾞ大分弐番館309,賀来新川一丁目,4,2-309,amagasehokataisyoubo.pdf,,high,
743,大字荏隈1384番地の1,賀来新川 ﾂｲﾝﾌﾟﾗｻﾞ大分弐番館310,賀来新川一丁目,4,2-310,amagasehokataisyoubo.pdf,,high,
744,大字荏隈1384番地の1,賀来新川 ﾂｲﾝﾌﾟﾗｻﾞ大分弐番館401,賀来新川一丁目,4,2-401,amagasehokataisyoubo.pdf,,high,
745,大字荏隈1384番地の1,賀来新川 ﾂｲﾝﾌﾟﾗｻﾞ大分弐番館402,賀来新川一丁目,4,2-402,amagasehokataisyoubo.pdf,,high,
746,大字荏隈1384番地の1,賀来新川 ﾂｲﾝﾌﾟﾗｻﾞ大分弐番館403,賀来新川一丁目,4,2-403,amagasehokataisyoubo.pdf,,high,
747,大字荏隈1384番地の1,賀来新川 ﾂｲﾝﾌﾟﾗｻﾞ大分弐番館404,賀来新川一丁目,4,2-404,amagasehokataisyoubo.pdf,,high,資料上3回出現
748,大字荏隈1384番地の1,賀来新川 ﾂｲﾝﾌﾟﾗｻﾞ大分弐番館405,賀来新川一丁目,4,2-405,amagasehokataisyoubo.pdf,,high,
749,大字荏隈1384番地の1,賀来新川 ﾂｲﾝﾌﾟﾗｻﾞ大分弐番館406,賀来新川一丁目,4,2-406,amagasehokataisyoubo.pdf,,high,
750,大字荏隈1384番地の1,賀来新川 ﾂｲﾝﾌﾟﾗｻﾞ大分弐番館407,賀来新川一丁目,4,2-407,amagasehokataisyoubo.pdf,,high,
751,大字荏隈1384番地の1,賀来新川 ﾂｲﾝﾌﾟﾗｻﾞ大分弐番館408,賀来新川一丁目,4,2-408,amagasehokataisyoubo.pdf,,high,
752,大字荏隈1384番地の1,賀来新川 ﾂｲﾝﾌﾟﾗｻﾞ大分弐番館409,賀来新川一丁目,4,2-409,amagasehokataisyoubo.pdf,,high,
753,大字荏隈1384番地の1,賀来新川 ﾂｲﾝﾌﾟﾗｻﾞ大分弐番館410,賀来新川一丁目,4,2-410,amagasehokataisyoubo.pdf,,high,
754,大字荏隈1384番地の1,賀来新川 ﾂｲﾝﾌﾟﾗｻﾞ大分弐番館501,賀来新川一丁目,4,2-501,amagasehokataisyoubo.pdf,,high,
755,大字荏隈1384番地の1,賀来新川 ﾂｲﾝﾌﾟﾗｻﾞ大分弐番館502,賀来新川一丁目,4,2-502,amagasehokataisyoubo.pdf,,high,
756,大字荏隈1384番地の1,賀来新川 ﾂｲﾝﾌﾟﾗｻﾞ大分弐番館503,賀来新川一丁目,4,2-503,amagasehokataisyoubo.pdf,,high,
757,大字荏隈1384番地の1,賀来新川 ﾂｲﾝﾌﾟﾗｻﾞ大分弐番館504,賀来新川一丁目,4,2-504,amagasehokataisyoubo.pdf,,high,
758,大字荏隈1384番地の1,賀来新川 ﾂｲﾝﾌﾟﾗｻﾞ大分弐番館505,賀来新川一丁目,4,2-505,amagasehokataisyoubo.pdf,,high,
759,大字荏隈1384番地の1,賀来新川 ﾂｲﾝﾌﾟﾗｻﾞ大分弐番館506,賀来新川一丁目,4,2-506,amagasehokataisyoubo.pdf,,high,資料上2回出現
760,大字荏隈1384番地の1,賀来新川 ﾂｲﾝﾌﾟﾗｻﾞ大分弐番館507,賀来新川一丁目,4,2-507,amagasehokataisyoubo.pdf,,high,
761,大字荏隈1384番地の1,賀来新川 ﾂｲﾝﾌﾟﾗｻﾞ大分弐番館508,賀来新川一丁目,4,2-508,amagasehokataisyoubo.pdf,,high,
762,大字荏隈1384番地の1,賀来新川 ﾂｲﾝﾌﾟﾗｻﾞ大分弐番館509,賀来新川一丁目,4,2-509,amagasehokataisyoubo.pdf,,high,
763,大字荏隈1384番地の1,賀来新川 ﾂｲﾝﾌﾟﾗｻﾞ大分弐番館510,賀来新川一丁目,4,2-510,amagasehokataisyoubo.pdf,,high,
764,大字荏隈1384番地の1,賀来新川 ﾂｲﾝﾌﾟﾗｻﾞ大分弐番館601,賀来新川一丁目,4,2-601,amagasehokataisyoubo.pdf,,high,
765,大字荏隈1384番地の1,賀来新川 ﾂｲﾝﾌﾟﾗｻﾞ大分弐番館602,賀来新川一丁目,4,2-602,amagasehokataisyoubo.pdf,,high,
766,大字荏隈1384番地の1,賀来新川 ﾂｲﾝﾌﾟﾗｻﾞ大分弐番館603,賀来新川一丁目,4,2-603,amagasehokataisyoubo.pdf,,high,資料上2回出現
767,大字荏隈1384番地の1,賀来新川 ﾂｲﾝﾌﾟﾗｻﾞ大分弐番館604,賀来新川一丁目,4,2-604,amagasehokataisyoubo.pdf,,high,
768,大字荏隈1384番地の1,賀来新川 ﾂｲﾝﾌﾟﾗｻﾞ大分弐番館605,賀来新川一丁目,4,2-605,amagasehokataisyoubo.pdf,,high,
769,大字荏隈1384番地の1,賀来新川 ﾂｲﾝﾌﾟﾗｻﾞ大分弐番館606,賀来新川一丁目,4,2-606,amagasehokataisyoubo.pdf,,high,
770,大字荏隈1384番地の1,賀来新川 ﾂｲﾝﾌﾟﾗｻﾞ大分弐番館607,賀来新川一丁目,4,2-607,amagasehokataisyoubo.pdf,,high,
771,大字荏隈1384番地の1,賀来新川 ﾂｲﾝﾌﾟﾗｻﾞ大分弐番館608,賀来新川一丁目,4,2-608,amagasehokataisyoubo.pdf,,high,
772,大字荏隈1384番地の1,賀来新川 ﾂｲﾝﾌﾟﾗｻﾞ大分弐番館609,賀来新川一丁目,4,2-609,amagasehokataisyoubo.pdf,,high,
773,大字荏隈1384番地の1,賀来新川 ﾂｲﾝﾌﾟﾗｻﾞ大分弐番館610,賀来新川一丁目,4,2-610,amagasehokataisyoubo.pdf,,high,
774,大字荏隈1384番地の1,賀来新川 ﾂｲﾝﾌﾟﾗｻﾞ大分弐番館701,賀来新川一丁目,4,2-701,amagasehokataisyoubo.pdf,,high,
775,大字荏隈1384番地の1,賀来新川 ﾂｲﾝﾌﾟﾗｻﾞ大分弐番館702,賀来新川一丁目,4,2-702,amagasehokataisyoubo.pdf,,high,
776,大字荏隈1384番地の1,賀来新川 ﾂｲﾝﾌﾟﾗｻﾞ大分弐番館703,賀来新川一丁目,4,2-703,amagasehokataisyoubo.pdf,,high,
777,大字荏隈1384番地の1,賀来新川 ﾂｲﾝﾌﾟﾗｻﾞ大分弐番館704,賀来新川一丁目,4,2-704,amagasehokataisyoubo.pdf,,high,
778,大字荏隈1384番地の1,賀来新川 ﾂｲﾝﾌﾟﾗｻﾞ大分弐番館705,賀来新川一丁目,4,2-705,amagasehokataisyoubo.pdf,,high,
779,大字荏隈1384番地の1,賀来新川 ﾂｲﾝﾌﾟﾗｻﾞ大分弐番館706,賀来新川一丁目,4,2-706,amagasehokataisyoubo.pdf,,high,資料上2回出現
780,大字荏隈1384番地の1,賀来新川 ﾂｲﾝﾌﾟﾗｻﾞ大分弐番館707,賀来新川一丁目,4,2-707,amagasehokataisyoubo.pdf,,high,
781,大字荏隈1384番地の1,賀来新川 ﾂｲﾝﾌﾟﾗｻﾞ大分弐番館708,賀来新川一丁目,4,2-708,amagasehokataisyoubo.pdf,,high,
782,大字荏隈1384番地の1,賀来新川 ﾂｲﾝﾌﾟﾗｻﾞ大分弐番館709,賀来新川一丁目,4,2-709,amagasehokataisyoubo.pdf,,high,
783,大字荏隈1384番地の1,賀来新川 ﾂｲﾝﾌﾟﾗｻﾞ大分弐番館710,賀来新川一丁目,4,2-710,amagasehokataisyoubo.pdf,,high,
784,大字荏隈1384番地の1,賀来新川 ﾂｲﾝﾌﾟﾗｻﾞ大分弐番館801,賀来新川一丁目,4,2-801,amagasehokataisyoubo.pdf,,high,
785,大字荏隈1384番地の1,賀来新川 ﾂｲﾝﾌﾟﾗｻﾞ大分弐番館802,賀来新川一丁目,4,2-802,amagasehokataisyoubo.pdf,,high,
786,大字荏隈1384番地の1,賀来新川 ﾂｲﾝﾌﾟﾗｻﾞ大分弐番館803,賀来新川一丁目,4,2-803,amagasehokataisyoubo.pdf,,high,
787,大字荏隈1384番地の1,賀来新川 ﾂｲﾝﾌﾟﾗｻﾞ大分弐番館804,賀来新川一丁目,4,2-804,amagasehokataisyoubo.pdf,,high,
788,大字荏隈1384番地の1,賀来新川 ﾂｲﾝﾌﾟﾗｻﾞ大分弐番館805,賀来新川一丁目,4,2-805,amagasehokataisyoubo.pdf,,high,
789,大字荏隈1384番地の1,賀来新川 ﾂｲﾝﾌﾟﾗｻﾞ大分弐番館806,賀来新川一丁目,4,2-806,amagasehokataisyoubo.pdf,,high,
790,大字荏隈1384番地の1,賀来新川 ﾂｲﾝﾌﾟﾗｻﾞ大分弐番館807,賀来新川一丁目,4,2-807,amagasehokataisyoubo.pdf,,high,
791,大字荏隈1384番地の1,賀来新川 ﾂｲﾝﾌﾟﾗｻﾞ大分弐番館808,賀来新川一丁目,4,2-808,amagasehokataisyoubo.pdf,,high,
792,大字荏隈1384番地の1,賀来新川 ﾂｲﾝﾌﾟﾗｻﾞ大分弐番館809,賀来新川一丁目,4,2-809,amagasehokataisyoubo.pdf,,high,
793,大字荏隈1384番地の1,賀来新川 ﾂｲﾝﾌﾟﾗｻﾞ大分弐番館810,賀来新川一丁目,4,2-810,amagasehokataisyoubo.pdf,,high,
794,大字荏隈1384番地の1,賀来新川 ﾂｲﾝﾌﾟﾗｻﾞ大分弐番館901,賀来新川一丁目,4,2-901,amagasehokataisyoubo.pdf,,high,
795,大字荏隈1384番地の1,賀来新川 ﾂｲﾝﾌﾟﾗｻﾞ大分弐番館902,賀来新川一丁目,4,2-902,amagasehokataisyoubo.pdf,,high,
796,大字荏隈1384番地の1,賀来新川 ﾂｲﾝﾌﾟﾗｻﾞ大分弐番館903,賀来新川一丁目,4,2-903,amagasehokataisyoubo.pdf,,high,資料上2回出現
797,大字荏隈1384番地の1,賀来新川 ﾂｲﾝﾌﾟﾗｻﾞ大分弐番館904,賀来新川一丁目,4,2-904,amagasehokataisyoubo.pdf,,high,
798,大字荏隈1384番地の1,賀来新川 ﾂｲﾝﾌﾟﾗｻﾞ大分弐番館905,賀来新川一丁目,4,2-905,amagasehokataisyoubo.pdf,,high,
799,大字荏隈1384番地の1,賀来新川 ﾂｲﾝﾌﾟﾗｻﾞ大分弐番館906,賀来新川一丁目,4,2-906,amagasehokataisyoubo.pdf,,high,
800,大字荏隈1384番地の1,賀来新川 ﾂｲﾝﾌﾟﾗｻﾞ大分弐番館907,賀来新川一丁目,4,2-907,amagasehokataisyoubo.pdf,,high,
801,大字荏隈1384番地の1,賀来新川 ﾂｲﾝﾌﾟﾗｻﾞ大分弐番館908,賀来新川一丁目,4,2-908,amagasehokataisyoubo.pdf,,high,
802,大字荏隈1384番地の1,賀来新川 ﾂｲﾝﾌﾟﾗｻﾞ大分弐番館909,賀来新川一丁目,4,2-909,amagasehokataisyoubo.pdf,,high,
803,大字荏隈1384番地の1,賀来新川 ﾂｲﾝﾌﾟﾗｻﾞ大分弐番館1001,賀来新川一丁目,4,2-1001,amagasehokataisyoubo.pdf,,high,
804,大字荏隈1384番地の1,賀来新川 ﾂｲﾝﾌﾟﾗｻﾞ大分弐番館1002,賀来新川一丁目,4,2-1002,amagasehokataisyoubo.pdf,,high,
805,大字荏隈1384番地の1,賀来新川 ﾂｲﾝﾌﾟﾗｻﾞ大分弐番館1003,賀来新川一丁目,4,2-1003,amagasehokataisyoubo.pdf,,high,
806,大字荏隈1384番地の1,賀来新川 ﾂｲﾝﾌﾟﾗｻﾞ大分弐番館1004,賀来新川一丁目,4,2-1004,amagasehokataisyoubo.pdf,,high,
807,大字荏隈1384番地の1,賀来新川 ﾂｲﾝﾌﾟﾗｻﾞ大分弐番館1005,賀来新川一丁目,4,2-1005,amagasehokataisyoubo.pdf,,high,
808,大字荏隈1384番地の1,賀来新川 ﾂｲﾝﾌﾟﾗｻﾞ大分弐番館1006,賀来新川一丁目,4,2-1006,amagasehokataisyoubo.pdf,,high,
809,大字荏隈1384番地の1,賀来新川 ﾂｲﾝﾌﾟﾗｻﾞ大分弐番館1007,賀来新川一丁目,4,2-1007,amagasehokataisyoubo.pdf,,high,
810,大字荏隈1384番地の1,賀来新川 ﾂｲﾝﾌﾟﾗｻﾞ大分弐番館1008,賀来新川一丁目,4,2-1008,amagasehokataisyoubo.pdf,,high,
811,大字荏隈1384番地の1,賀来新川 ﾂｲﾝﾌﾟﾗｻﾞ大分弐番館1009,賀来新川一丁目,4,2-1009,amagasehokataisyoubo.pdf,,high,
812,大字荏隈1384番地の1,賀来新川 ﾂｲﾝﾌﾟﾗｻﾞ大分弐番館1101,賀来新川一丁目,4,2-1101,amagasehokataisyoubo.pdf,,high,
813,大字荏隈1384番地の1,賀来新川 ﾂｲﾝﾌﾟﾗｻﾞ大分弐番館1102,賀来新川一丁目,4,2-1102,amagasehokataisyoubo.pdf,,high,
814,大字荏隈1384番地の1,賀来新川 ﾂｲﾝﾌﾟﾗｻﾞ大分弐番館1103,賀来新川一丁目,4,2-1103,amagasehokataisyoubo.pdf,,high,
815,大字荏隈1384番地の1,賀来新川 ﾂｲﾝﾌﾟﾗｻﾞ大分弐番館1104,賀来新川一丁目,4,2-1104,amagasehokataisyoubo.pdf,,high,
816,大字荏隈1384番地の1,賀来新川 ﾂｲﾝﾌﾟﾗｻﾞ大分弐番館1105,賀来新川一丁目,4,2-1105,amagasehokataisyoubo.pdf,,high,
817,大字荏隈1384番地の1,賀来新川 ﾂｲﾝﾌﾟﾗｻﾞ大分弐番館1106,賀来新川一丁目,4,2-1106,amagasehokataisyoubo.pdf,,high,
818,大字荏隈1384番地の1,賀来新川 ﾂｲﾝﾌﾟﾗｻﾞ大分弐番館1107,賀来新川一丁目,4,2-1107,amagasehokataisyoubo.pdf,,high,
819,大字荏隈1384番地の1,賀来新川 ﾂｲﾝﾌﾟﾗｻﾞ大分弐番館1108,賀来新川一丁目,4,2-1108,amagasehokataisyoubo.pdf,,high,
820,大字荏隈1384番地の1,賀来新川 ﾂｲﾝﾌﾟﾗｻﾞ大分弐番館1201,賀来新川一丁目,4,2-1201,amagasehokataisyoubo.pdf,,high,
821,大字荏隈1384番地の1,賀来新川 ﾂｲﾝﾌﾟﾗｻﾞ大分弐番館1202,賀来新川一丁目,4,2-1202,amagasehokataisyoubo.pdf,,high,
822,大字荏隈1384番地の1,賀来新川 ﾂｲﾝﾌﾟﾗｻﾞ大分弐番館1203,賀来新川一丁目,4,2-1203,amagasehokataisyoubo.pdf,,high,
823,大字荏隈1384番地の1,賀来新川 ﾂｲﾝﾌﾟﾗｻﾞ大分弐番館1204,賀来新川一丁目,4,2-1204,amagasehokataisyoubo.pdf,,high,
824,大字荏隈1384番地の1,賀来新川 ﾂｲﾝﾌﾟﾗｻﾞ大分弐番館1205,賀来新川一丁目,4,2-1205,amagasehokataisyoubo.pdf,,high,
825,大字荏隈1384番地の1,賀来新川 ﾂｲﾝﾌﾟﾗｻﾞ大分弐番館1206,賀来新川一丁目,4,2-1206,amagasehokataisyoubo.pdf,,high,
826,大字荏隈1384番地の1,賀来新川 ﾂｲﾝﾌﾟﾗｻﾞ大分弐番館1207,賀来新川一丁目,4,2-1207,amagasehokataisyoubo.pdf,,high,
827,大字荏隈1384番地の1,賀来新川 ﾂｲﾝﾌﾟﾗｻﾞ大分弐番館1301,賀来新川一丁目,4,2-1301,amagasehokataisyoubo.pdf,,high,
828,大字荏隈1384番地の1,賀来新川 ﾂｲﾝﾌﾟﾗｻﾞ大分弐番館1302,賀来新川一丁目,4,2-1302,amagasehokataisyoubo.pdf,,high,
829,大字荏隈1384番地の1,賀来新川 ﾂｲﾝﾌﾟﾗｻﾞ大分弐番館1303,賀来新川一丁目,4,2-1303,amagasehokataisyoubo.pdf,,high,
830,大字荏隈1384番地の1,賀来新川 ﾂｲﾝﾌﾟﾗｻﾞ大分弐番館1304,賀来新川一丁目,4,2-1304,amagasehokataisyoubo.pdf,,high,
831,大字荏隈1384番地の1,賀来新川 ﾂｲﾝﾌﾟﾗｻﾞ大分弐番館1305,賀来新川一丁目,4,2-1305,amagasehokataisyoubo.pdf,,high,
832,大字荏隈1384番地の1,賀来新川 ﾂｲﾝﾌﾟﾗｻﾞ大分弐番館1306,賀来新川一丁目,4,2-1306,amagasehokataisyoubo.pdf,,high,
833,大字荏隈1384番地の1,賀来新川 ﾂｲﾝﾌﾟﾗｻﾞ大分弐番館1307,賀来新川一丁目,4,2-1307,amagasehokataisyoubo.pdf,,high,
834,大字荏隈1384番地の1,賀来新川 ﾂｲﾝﾌﾟﾗｻﾞ大分弐番館1401,賀来新川一丁目,4,2-1401,amagasehokataisyoubo.pdf,,high,
835,大字荏隈1384番地の1,賀来新川 ﾂｲﾝﾌﾟﾗｻﾞ大分弐番館1402,賀来新川一丁目,4,2-1402,amagasehokataisyoubo.pdf,,high,
836,大字荏隈1384番地の1,ﾂｲﾝﾌﾟﾗｻﾞ大分弐番館1402,賀来新川一丁目,4,2-1402,amagasehokataisyoubo.pdf,,high,
837,大字荏隈1384番地の1,賀来新川 ﾂｲﾝﾌﾟﾗｻﾞ大分弐番館1403,賀来新川一丁目,4,2-1403,amagasehokataisyoubo.pdf,,high,
838,大字荏隈1384番地の1,賀来新川 ﾂｲﾝﾌﾟﾗｻﾞ大分弐番館1404,賀来新川一丁目,4,2-1404,amagasehokataisyoubo.pdf,,high,
839,大字荏隈1384番地の1,賀来新川 ﾂｲﾝﾌﾟﾗｻﾞ大分弐番館1405,賀来新川一丁目,4,2-1405,amagasehokataisyoubo.pdf,,high,
840,大字荏隈1384番地の1,賀来新川 ﾂｲﾝﾌﾟﾗｻﾞ大分弐番館1406,賀来新川一丁目,4,2-1406,amagasehokataisyoubo.pdf,,high,
841,大字荏隈1384番地の1,賀来新川 ﾂｲﾝﾌﾟﾗｻﾞ大分弐番館1407,賀来新川一丁目,4,2-1407,amagasehokataisyoubo.pdf,,high,
842,大字荏隈1384番地の3,ﾂｲﾝﾌﾟﾗｻﾞ大分壱番館,賀来新川一丁目,4,1,amagasehokataisyoubo.pdf,,high,
843,大字荏隈1384番地の3,賀来新川 ﾂｲﾝﾌﾟﾗｻﾞ大分壱番館101,賀来新川一丁目,4,1-101,amagasehokataisyoubo.pdf,,high,
844,大字荏隈1384番地の3,賀来新川 ﾂｲﾝﾌﾟﾗｻﾞ大分壱番館102,賀来新川一丁目,4,1-102,amagasehokataisyoubo.pdf,,high,
845,大字荏隈1384番地の3,賀来新川 ﾂｲﾝﾌﾟﾗｻﾞ大分壱番館103,賀来新川一丁目,4,1-103,amagasehokataisyoubo.pdf,,high,
846,大字荏隈1384番地の3,賀来新川 ﾂｲﾝﾌﾟﾗｻﾞ大分壱番館201,賀来新川一丁目,4,1-201,amagasehokataisyoubo.pdf,,high,
847,大字荏隈1384番地の3,賀来新川 ﾂｲﾝﾌﾟﾗｻﾞ大分壱番館202,賀来新川一丁目,4,1-202,amagasehokataisyoubo.pdf,,high,
848,大字荏隈1384番地の3,賀来新川 ﾂｲﾝﾌﾟﾗｻﾞ大分壱番館203,賀来新川一丁目,4,1-203,amagasehokataisyoubo.pdf,,high,
849,大字荏隈1384番地の3,賀来新川 ﾂｲﾝﾌﾟﾗｻﾞ大分壱番館204,賀来新川一丁目,4,1-204,amagasehokataisyoubo.pdf,,high,
850,大字荏隈1384番地の3,賀来新川 ﾂｲﾝﾌﾟﾗｻﾞ大分壱番館205,賀来新川一丁目,4,1-205,amagasehokataisyoubo.pdf,,high,
851,大字荏隈1384番地の3,賀来新川 ﾂｲﾝﾌﾟﾗｻﾞ大分壱番館206,賀来新川一丁目,4,1-206,amagasehokataisyoubo.pdf,,high,
852,大字荏隈1384番地の3,賀来新川 ﾂｲﾝﾌﾟﾗｻﾞ大分壱番館207,賀来新川一丁目,4,1-207,amagasehokataisyoubo.pdf,,high,
853,大字荏隈1384番地の3,賀来新川 ﾂｲﾝﾌﾟﾗｻﾞ大分壱番館208,賀来新川一丁目,4,1-208,amagasehokataisyoubo.pdf,,high,
854,大字荏隈1384番地の3,賀来新川 ﾂｲﾝﾌﾟﾗｻﾞ大分壱番館209,賀来新川一丁目,4,1-209,amagasehokataisyoubo.pdf,,high,資料上2回出現
855,大字荏隈1384番地の3,賀来新川 ﾂｲﾝﾌﾟﾗｻﾞ大分壱番館210,賀来新川一丁目,4,1-210,amagasehokataisyoubo.pdf,,high,
856,大字荏隈1384番地の3,賀来新川 ﾂｲﾝﾌﾟﾗｻﾞ大分壱番館211,賀来新川一丁目,4,1-211,amagasehokataisyoubo.pdf,,high,
857,大字荏隈1384番地の3,賀来新川 ﾂｲﾝﾌﾟﾗｻﾞ大分壱番館212,賀来新川一丁目,4,1-212,amagasehokataisyoubo.pdf,,high,
858,大字荏隈1384番地の3,賀来新川 ﾂｲﾝﾌﾟﾗｻﾞ大分壱番館213,賀来新川一丁目,4,1-213,amagasehokataisyoubo.pdf,,high,
859,大字荏隈1384番地の3,賀来新川 ﾂｲﾝﾌﾟﾗｻﾞ大分壱番館301,賀来新川一丁目,4,1-301,amagasehokataisyoubo.pdf,,high,
860,大字荏隈1384番地の3,賀来新川 ﾂｲﾝﾌﾟﾗｻﾞ大分壱番館302,賀来新川一丁目,4,1-302,amagasehokataisyoubo.pdf,,high,
861,大字荏隈1384番地の3,賀来新川 ﾂｲﾝﾌﾟﾗｻﾞ大分壱番館303,賀来新川一丁目,4,1-303,amagasehokataisyoubo.pdf,,high,
862,大字荏隈1384番地の3,賀来新川 ﾂｲﾝﾌﾟﾗｻﾞ大分壱番館304,賀来新川一丁目,4,1-304,amagasehokataisyoubo.pdf,,high,
863,大字荏隈1384番地の3,賀来新川 ﾂｲﾝﾌﾟﾗｻﾞ大分壱番館305,賀来新川一丁目,4,1-305,amagasehokataisyoubo.pdf,,high,
864,大字荏隈1384番地の3,賀来新川 ﾂｲﾝﾌﾟﾗｻﾞ大分壱番館306,賀来新川一丁目,4,1-306,amagasehokataisyoubo.pdf,,high,
865,大字荏隈1384番地の3,賀来新川 ﾂｲﾝﾌﾟﾗｻﾞ大分壱番館307,賀来新川一丁目,4,1-307,amagasehokataisyoubo.pdf,,high,
866,大字荏隈1384番地の3,賀来新川 ﾂｲﾝﾌﾟﾗｻﾞ大分壱番館308,賀来新川一丁目,4,1-308,amagasehokataisyoubo.pdf,,high,
867,大字荏隈1384番地の3,賀来新川 ﾂｲﾝﾌﾟﾗｻﾞ大分壱番館309,賀来新川一丁目,4,1-309,amagasehokataisyoubo.pdf,,high,
868,大字荏隈1384番地の3,賀来新川 ﾂｲﾝﾌﾟﾗｻﾞ大分壱番館310,賀来新川一丁目,4,1-310,amagasehokataisyoubo.pdf,,high,資料上2回出現
869,大字荏隈1384番地の3,賀来新川 ﾂｲﾝﾌﾟﾗｻﾞ大分壱番館311,賀来新川一丁目,4,1-311,amagasehokataisyoubo.pdf,,high,
870,大字荏隈1384番地の3,賀来新川 ﾂｲﾝﾌﾟﾗｻﾞ大分壱番館312,賀来新川一丁目,4,1-312,amagasehokataisyoubo.pdf,,high,
871,大字荏隈1384番地の3,賀来新川 ﾂｲﾝﾌﾟﾗｻﾞ大分壱番館313,賀来新川一丁目,4,1-313,amagasehokataisyoubo.pdf,,high,
872,大字荏隈1384番地の3,賀来新川 ﾂｲﾝﾌﾟﾗｻﾞ大分壱番館401,賀来新川一丁目,4,1-401,amagasehokataisyoubo.pdf,,high,
873,大字荏隈1384番地の3,賀来新川 ﾂｲﾝﾌﾟﾗｻﾞ大分壱番館402,賀来新川一丁目,4,1-402,amagasehokataisyoubo.pdf,,high,
874,大字荏隈1384番地の3,賀来新川 ﾂｲﾝﾌﾟﾗｻﾞ大分壱番館403,賀来新川一丁目,4,1-403,amagasehokataisyoubo.pdf,,high,
875,大字荏隈1384番地の3,賀来新川 ﾂｲﾝﾌﾟﾗｻﾞ大分壱番館404,賀来新川一丁目,4,1-404,amagasehokataisyoubo.pdf,,high,
876,大字荏隈1384番地の3,賀来新川 ﾂｲﾝﾌﾟﾗｻﾞ大分壱番館405,賀来新川一丁目,4,1-405,amagasehokataisyoubo.pdf,,high,
877,大字荏隈1384番地の3,賀来新川 ﾂｲﾝﾌﾟﾗｻﾞ大分壱番館406,賀来新川一丁目,4,1-406,amagasehokataisyoubo.pdf,,high,
878,大字荏隈1384番地の3,賀来新川 ﾂｲﾝﾌﾟﾗｻﾞ大分壱番館407,賀来新川一丁目,4,1-407,amagasehokataisyoubo.pdf,,high,
879,大字荏隈1384番地の3,賀来新川 ﾂｲﾝﾌﾟﾗｻﾞ大分壱番館408,賀来新川一丁目,4,1-408,amagasehokataisyoubo.pdf,,high,
880,大字荏隈1384番地の3,賀来新川 ﾂｲﾝﾌﾟﾗｻﾞ大分壱番館409,賀来新川一丁目,4,1-409,amagasehokataisyoubo.pdf,,high,
881,大字荏隈1384番地の3,賀来新川 ﾂｲﾝﾌﾟﾗｻﾞ大分壱番館410,賀来新川一丁目,4,1-410,amagasehokataisyoubo.pdf,,high,
882,大字荏隈1384番地の3,賀来新川 ﾂｲﾝﾌﾟﾗｻﾞ大分壱番館411,賀来新川一丁目,4,1-411,amagasehokataisyoubo.pdf,,high,資料上2回出現
883,大字荏隈1384番地の3,賀来新川 ﾂｲﾝﾌﾟﾗｻﾞ大分壱番館412,賀来新川一丁目,4,1-412,amagasehokataisyoubo.pdf,,high,
884,大字荏隈1384番地の3,賀来新川 ﾂｲﾝﾌﾟﾗｻﾞ大分壱番館501,賀来新川一丁目,4,1-501,amagasehokataisyoubo.pdf,,high,
885,大字荏隈1384番地の3,賀来新川 ﾂｲﾝﾌﾟﾗｻﾞ大分壱番館502,賀来新川一丁目,4,1-502,amagasehokataisyoubo.pdf,,high,
886,大字荏隈1384番地の3,賀来新川 ﾂｲﾝﾌﾟﾗｻﾞ大分壱番館503,賀来新川一丁目,4,1-503,amagasehokataisyoubo.pdf,,high,
887,大字荏隈1384番地の3,賀来新川 ﾂｲﾝﾌﾟﾗｻﾞ大分壱番館504,賀来新川一丁目,4,1-504,amagasehokataisyoubo.pdf,,high,
888,大字荏隈1384番地の3,賀来新川 ﾂｲﾝﾌﾟﾗｻﾞ大分壱番館505,賀来新川一丁目,4,1-505,amagasehokataisyoubo.pdf,,high,
889,大字荏隈1384番地の3,賀来新川 ﾂｲﾝﾌﾟﾗｻﾞ大分壱番館506,賀来新川一丁目,4,1-506,amagasehokataisyoubo.pdf,,high,
890,大字荏隈1384番地の3,賀来新川 ﾂｲﾝﾌﾟﾗｻﾞ大分壱番館507,賀来新川一丁目,4,1-507,amagasehokataisyoubo.pdf,,high,
891,大字荏隈1384番地の3,賀来新川 ﾂｲﾝﾌﾟﾗｻﾞ大分壱番館508,賀来新川一丁目,4,1-508,amagasehokataisyoubo.pdf,,high,
892,大字荏隈1384番地の3,賀来新川 ﾂｲﾝﾌﾟﾗｻﾞ大分壱番館509,賀来新川一丁目,4,1-509,amagasehokataisyoubo.pdf,,high,
893,大字荏隈1384番地の3,賀来新川 ﾂｲﾝﾌﾟﾗｻﾞ大分壱番館510,賀来新川一丁目,4,1-510,amagasehokataisyoubo.pdf,,high,
894,大字荏隈1384番地の3,賀来新川 ﾂｲﾝﾌﾟﾗｻﾞ大分壱番館511,賀来新川一丁目,4,1-511,amagasehokataisyoubo.pdf,,high,
895,大字荏隈1384番地の3,賀来新川 ﾂｲﾝﾌﾟﾗｻﾞ大分壱番館512,賀来新川一丁目,4,1-512,amagasehokataisyoubo.pdf,,high,
896,大字荏隈1384番地の3,賀来新川 ﾂｲﾝﾌﾟﾗｻﾞ大分壱番館601,賀来新川一丁目,4,1-601,amagasehokataisyoubo.pdf,,high,
897,大字荏隈1384番地の3,賀来新川 ﾂｲﾝﾌﾟﾗｻﾞ大分壱番館602,賀来新川一丁目,4,1-602,amagasehokataisyoubo.pdf,,high,
898,大字荏隈1384番地の3,賀来新川 ﾂｲﾝﾌﾟﾗｻﾞ大分壱番館603,賀来新川一丁目,4,1-603,amagasehokataisyoubo.pdf,,high,
899,大字荏隈1384番地の3,賀来新川 ﾂｲﾝﾌﾟﾗｻﾞ大分壱番館604,賀来新川一丁目,4,1-604,amagasehokataisyoubo.pdf,,high,
900,大字荏隈1384番地の3,賀来新川 ﾂｲﾝﾌﾟﾗｻﾞ大分壱番館605,賀来新川一丁目,4,1-605,amagasehokataisyoubo.pdf,,high,
901,大字荏隈1384番地の3,賀来新川 ﾂｲﾝﾌﾟﾗｻﾞ大分壱番館606,賀来新川一丁目,4,1-606,amagasehokataisyoubo.pdf,,high,
902,大字荏隈1384番地の3,賀来新川 ﾂｲﾝﾌﾟﾗｻﾞ大分壱番館607,賀来新川一丁目,4,1-607,amagasehokataisyoubo.pdf,,high,
903,大字荏隈1384番地の3,賀来新川 ﾂｲﾝﾌﾟﾗｻﾞ大分壱番館608,賀来新川一丁目,4,1-608,amagasehokataisyoubo.pdf,,high,
904,大字荏隈1384番地の3,賀来新川 ﾂｲﾝﾌﾟﾗｻﾞ大分壱番館609,賀来新川一丁目,4,1-609,amagasehokataisyoubo.pdf,,high,
905,大字荏隈1384番地の3,賀来新川 ﾂｲﾝﾌﾟﾗｻﾞ大分壱番館610,賀来新川一丁目,4,1-610,amagasehokataisyoubo.pdf,,high,
906,大字荏隈1384番地の3,賀来新川 ﾂｲﾝﾌﾟﾗｻﾞ大分壱番館611,賀来新川一丁目,4,1-611,amagasehokataisyoubo.pdf,,high,
907,大字荏隈1384番地の3,賀来新川 ﾂｲﾝﾌﾟﾗｻﾞ大分壱番館701,賀来新川一丁目,4,1-701,amagasehokataisyoubo.pdf,,high,
908,大字荏隈1384番地の3,賀来新川 ﾂｲﾝﾌﾟﾗｻﾞ大分壱番館702,賀来新川一丁目,4,1-702,amagasehokataisyoubo.pdf,,high,
909,大字荏隈1384番地の3,賀来新川 ﾂｲﾝﾌﾟﾗｻﾞ大分壱番館703,賀来新川一丁目,4,1-703,amagasehokataisyoubo.pdf,,high,
910,大字荏隈1384番地の3,賀来新川 ﾂｲﾝﾌﾟﾗｻﾞ大分壱番館704,賀来新川一丁目,4,1-704,amagasehokataisyoubo.pdf,,high,
911,大字荏隈1384番地の3,賀来新川 ﾂｲﾝﾌﾟﾗｻﾞ大分壱番館705,賀来新川一丁目,4,1-705,amagasehokataisyoubo.pdf,,high,
912,大字荏隈1384番地の3,賀来新川 ﾂｲﾝﾌﾟﾗｻﾞ大分壱番館706,賀来新川一丁目,4,1-706,amagasehokataisyoubo.pdf,,high,
913,大字荏隈1384番地の3,賀来新川 ﾂｲﾝﾌﾟﾗｻﾞ大分壱番館707,賀来新川一丁目,4,1-707,amagasehokataisyoubo.pdf,,high,
914,大字荏隈1384番地の3,賀来新川 ﾂｲﾝﾌﾟﾗｻﾞ大分壱番館708,賀来新川一丁目,4,1-708,amagasehokataisyoubo.pdf,,high,
915,大字荏隈1384番地の3,賀来新川 ﾂｲﾝﾌﾟﾗｻﾞ大分壱番館709,賀来新川一丁目,4,1-709,amagasehokataisyoubo.pdf,,high,
916,大字荏隈1384番地の3,賀来新川 ﾂｲﾝﾌﾟﾗｻﾞ大分壱番館710,賀来新川一丁目,4,1-710,amagasehokataisyoubo.pdf,,high,
917,大字荏隈1384番地の3,賀来新川 ﾂｲﾝﾌﾟﾗｻﾞ大分壱番館801,賀来新川一丁目,4,1-801,amagasehokataisyoubo.pdf,,high,
918,大字荏隈1384番地の3,賀来新川 ﾂｲﾝﾌﾟﾗｻﾞ大分壱番館802,賀来新川一丁目,4,1-802,amagasehokataisyoubo.pdf,,high,
919,大字荏隈1384番地の3,賀来新川 ﾂｲﾝﾌﾟﾗｻﾞ大分壱番館803,賀来新川一丁目,4,1-803,amagasehokataisyoubo.pdf,,high,
920,大字荏隈1384番地の3,賀来新川 ﾂｲﾝﾌﾟﾗｻﾞ大分壱番館804,賀来新川一丁目,4,1-804,amagasehokataisyoubo.pdf,,high,
921,大字荏隈1384番地の3,賀来新川 ﾂｲﾝﾌﾟﾗｻﾞ大分壱番館805,賀来新川一丁目,4,1-805,amagasehokataisyoubo.pdf,,high,
922,大字荏隈1384番地の3,賀来新川 ﾂｲﾝﾌﾟﾗｻﾞ大分壱番館806,賀来新川一丁目,4,1-806,amagasehokataisyoubo.pdf,,high,
923,大字荏隈1384番地の3,賀来新川 ﾂｲﾝﾌﾟﾗｻﾞ大分壱番館807,賀来新川一丁目,4,1-807,amagasehokataisyoubo.pdf,,high,
924,大字荏隈1384番地の3,賀来新川 ﾂｲﾝﾌﾟﾗｻﾞ大分壱番館808,賀来新川一丁目,4,1-808,amagasehokataisyoubo.pdf,,high,
925,大字荏隈1384番地の3,賀来新川 ﾂｲﾝﾌﾟﾗｻﾞ大分壱番館809,賀来新川一丁目,4,1-809,amagasehokataisyoubo.pdf,,high,
926,大字荏隈1384番地の3,賀来新川 ﾂｲﾝﾌﾟﾗｻﾞ大分壱番館810,賀来新川一丁目,4,1-810,amagasehokataisyoubo.pdf,,high,
927,大字荏隈1384番地の3,賀来新川 ﾂｲﾝﾌﾟﾗｻﾞ大分壱番館901,賀来新川一丁目,4,1-901,amagasehokataisyoubo.pdf,,high,
928,大字荏隈1384番地の3,賀来新川 ﾂｲﾝﾌﾟﾗｻﾞ大分壱番館902,賀来新川一丁目,4,1-902,amagasehokataisyoubo.pdf,,high,
929,大字荏隈1384番地の3,賀来新川 ﾂｲﾝﾌﾟﾗｻﾞ大分壱番館903,賀来新川一丁目,4,1-903,amagasehokataisyoubo.pdf,,high,
930,大字荏隈1384番地の3,賀来新川 ﾂｲﾝﾌﾟﾗｻﾞ大分壱番館904,賀来新川一丁目,4,1-904,amagasehokataisyoubo.pdf,,high,
931,荏隈1384番地3,ﾂｲﾝﾌﾟﾗｻﾞ大分壱番館904号,賀来新川一丁目,4,1-904,amagasehokataisyoubo.pdf,,high,
932,大字荏隈1384番地の3,賀来新川 ﾂｲﾝﾌﾟﾗｻﾞ大分壱番館905,賀来新川一丁目,4,1-905,amagasehokataisyoubo.pdf,,high,
933,大字荏隈1384番地の3,賀来新川 ﾂｲﾝﾌﾟﾗｻﾞ大分壱番館906,賀来新川一丁目,4,1-906,amagasehokataisyoubo.pdf,,high,
934,大字荏隈1384番地の3,,賀来新川一丁目,4,1-906,amagasehokataisyoubo.pdf,,high,資料上通称の記載なし
935,大字荏隈1384番地の3,賀来新川 ﾂｲﾝﾌﾟﾗｻﾞ大分壱番館907,賀来新川一丁目,4,1-907,amagasehokataisyoubo.pdf,,high,
936,大字荏隈1384番地の3,賀来新川 ﾂｲﾝﾌﾟﾗｻﾞ大分壱番館908,賀来新川一丁目,4,1-908,amagasehokataisyoubo.pdf,,high,
937,大字荏隈1384番地の3,賀来新川 ﾂｲﾝﾌﾟﾗｻﾞ大分壱番館909,賀来新川一丁目,4,1-909,amagasehokataisyoubo.pdf,,high,
938,大字荏隈1384番地の3,賀来新川 ﾂｲﾝﾌﾟﾗｻﾞ大分壱番館1001,賀来新川一丁目,4,1-1001,amagasehokataisyoubo.pdf,,high,
939,大字荏隈1384番地の3,賀来新川 ﾂｲﾝﾌﾟﾗｻﾞ大分壱番館1002,賀来新川一丁目,4,1-1002,amagasehokataisyoubo.pdf,,high,
940,大字荏隈1384番地の3,賀来新川 ﾂｲﾝﾌﾟﾗｻﾞ大分壱番館1003,賀来新川一丁目,4,1-1003,amagasehokataisyoubo.pdf,,high,
941,大字荏隈1384番地の3,賀来新川 ﾂｲﾝﾌﾟﾗｻﾞ大分壱番館1004,賀来新川一丁目,4,1-1004,amagasehokataisyoubo.pdf,,high,
942,大字荏隈1384番地の3,賀来新川 ﾂｲﾝﾌﾟﾗｻﾞ大分壱番館1005,賀来新川一丁目,4,1-1005,amagasehokataisyoubo.pdf,,high,
943,大字荏隈1384番地の3,賀来新川 ﾂｲﾝﾌﾟﾗｻﾞ大分壱番館1006,賀来新川一丁目,4,1-1006,amagasehokataisyoubo.pdf,,high,
944,大字荏隈1384番地の3,賀来新川 ﾂｲﾝﾌﾟﾗｻﾞ大分壱番館1007,賀来新川一丁目,4,1-1007,amagasehokataisyoubo.pdf,,high,
945,大字荏隈1384番地の3,賀来新川 ﾂｲﾝﾌﾟﾗｻﾞ大分壱番館1008,賀来新川一丁目,4,1-1008,amagasehokataisyoubo.pdf,,high,資料上2回出現
946,大字荏隈1384番地の3,賀来新川 ﾂｲﾝﾌﾟﾗｻﾞ大分壱番館1009,賀来新川一丁目,4,1-1009,amagasehokataisyoubo.pdf,,high,
947,大字荏隈1384番地の3,賀来新川 ﾂｲﾝﾌﾟﾗｻﾞ大分壱番館1101,賀来新川一丁目,4,1-1101,amagasehokataisyoubo.pdf,,high,
948,大字荏隈1384番地の3,賀来新川 ﾂｲﾝﾌﾟﾗｻﾞ大分壱番館1102,賀来新川一丁目,4,1-1102,amagasehokataisyoubo.pdf,,high,
949,大字荏隈1384番地の3,賀来新川 ﾂｲﾝﾌﾟﾗｻﾞ大分壱番館1103,賀来新川一丁目,4,1-1103,amagasehokataisyoubo.pdf,,high,
950,大字荏隈1384番地の3,賀来新川 ﾂｲﾝﾌﾟﾗｻﾞ大分壱番館1104,賀来新川一丁目,4,1-1104,amagasehokataisyoubo.pdf,,high,
951,大字荏隈1384番地の3,賀来新川 ﾂｲﾝﾌﾟﾗｻﾞ大分壱番館1105,賀来新川一丁目,4,1-1105,amagasehokataisyoubo.pdf,,high,
952,大字荏隈1384番地の3,賀来新川 ﾂｲﾝﾌﾟﾗｻﾞ大分壱番館1106,賀来新川一丁目,4,1-1106,amagasehokataisyoubo.pdf,,high,
953,大字荏隈1384番地の3,賀来新川 ﾂｲﾝﾌﾟﾗｻﾞ大分壱番館1107,賀来新川一丁目,4,1-1107,amagasehokataisyoubo.pdf,,high,
954,荏隈1384の3,ﾂｲﾝﾌﾟﾗｻﾞ大分壱番館1107号,賀来新川一丁目,4,1-1107,amagasehokataisyoubo.pdf,,high,
955,大字荏隈1384番地の3,賀来新川 ﾂｲﾝﾌﾟﾗｻﾞ大分壱番館1108,賀来新川一丁目,4,1-1108,amagasehokataisyoubo.pdf,,high,
956,大字荏隈1384番地の3,賀来新川 ﾂｲﾝﾌﾟﾗｻﾞ大分壱番館1201,賀来新川一丁目,4,1-1201,amagasehokataisyoubo.pdf,,high,
957,大字荏隈1384番地の3,賀来新川 ﾂｲﾝﾌﾟﾗｻﾞ大分壱番館1202,賀来新川一丁目,4,1-1202,amagasehokataisyoubo.pdf,,high,
958,大字荏隈1384番地の3,賀来新川 ﾂｲﾝﾌﾟﾗｻﾞ大分壱番館1203,賀来新川一丁目,4,1-1203,amagasehokataisyoubo.pdf,,high,
959,大字荏隈1384番地の3,賀来新川 ﾂｲﾝﾌﾟﾗｻﾞ大分壱番館1204,賀来新川一丁目,4,1-1204,amagasehokataisyoubo.pdf,,high,
960,,荏隈町五丁目,荏隈町二丁目,3,1,amagasehokataisyoubo.pdf,,low,旧住所欄が大字+番地でなく通称形式で印字(資料どおり採用) 同一新住所の正規行なし
961,,大分市荏隈3組の2,荏隈町一丁目,9,11,amagasehokataisyoubo.pdf,,low,旧住所欄が大字+番地でなく通称形式で印字(資料どおり採用) 同一新住所の正規行なし
962,大字奥田43番地の5,尼ケ瀬1組の5,尼が瀬二丁目,1,1,amagasehokataisyoubo.pdf,,high,資料上2回出現
963,大字奥田44番地の26,尼ケ瀬1組の5,尼が瀬二丁目,1,7,amagasehokataisyoubo.pdf,,high,
964,大字奥田44番地の35,尼ケ瀬1組の5,尼が瀬二丁目,1,3,amagasehokataisyoubo.pdf,,high,
965,大字奥田45番地の1,尼ケ瀬1組の3A,尼が瀬二丁目,2,4,amagasehokataisyoubo.pdf,,high,
966,大字奥田45番地の1,尼ケ瀬1組の3,尼が瀬二丁目,2,7,amagasehokataisyoubo.pdf,,high,
967,大字奥田46番地の2,尼ケ瀬1組の3A,尼が瀬二丁目,2,1,amagasehokataisyoubo.pdf,,high,
968,大字賀来1200番地の8,賀来新川15組の2,賀来新川二丁目,7,10,amagasehokataisyoubo.pdf,,high,
969,大字賀来1200番地の11,賀来新川15組の2,賀来新川二丁目,7,15,amagasehokataisyoubo.pdf,,high,
970,大字賀来1200番地の12,賀来新川15組の2,賀来新川二丁目,7,17,amagasehokataisyoubo.pdf,,high,資料上2回出現
971,大字賀来1200番地の14,賀来新川15組,賀来新川二丁目,2,15,amagasehokataisyoubo.pdf,,high,
972,大字賀来1200番地の14,賀来新川15組の1,賀来新川二丁目,3,1,amagasehokataisyoubo.pdf,,high,
973,大字賀来1200番地の15,,賀来新川二丁目,3,1,amagasehokataisyoubo.pdf,,high,資料上2回出現、資料上通称の記載なし
974,大字賀来1200番地の15,賀来新川15組の1,賀来新川二丁目,3,1,amagasehokataisyoubo.pdf,,high,
975,大字賀来1200番地の16,賀来新川15組の1,賀来新川二丁目,3,3,amagasehokataisyoubo.pdf,,high,
976,大字賀来1200番地の17,賀来新川15組,賀来新川二丁目,3,4,amagasehokataisyoubo.pdf,,high,
977,大字賀来1200番地の18,賀来新川15組の1,賀来新川二丁目,3,6,amagasehokataisyoubo.pdf,,high,
978,大字賀来1200番地の19,賀来新川15組の1,賀来新川二丁目,3,21,amagasehokataisyoubo.pdf,,high,
979,大字賀来1200番地の20,賀来新川15組の1,賀来新川二丁目,3,17,amagasehokataisyoubo.pdf,,high,
980,大字賀来1200番地の21,賀来新川15組の1,賀来新川二丁目,3,16,amagasehokataisyoubo.pdf,,high,
981,大字賀来1200番地の22,賀来新川15組の1,賀来新川二丁目,3,14,amagasehokataisyoubo.pdf,,high,
982,大字賀来1200番地の23,賀来新川15組の1,賀来新川二丁目,3,12,amagasehokataisyoubo.pdf,,high,
983,大字賀来1200番地の24,賀来新川15組の1,賀来新川二丁目,4,1,amagasehokataisyoubo.pdf,,high,
984,大字賀来1200番地の25,賀来新川15組の1,賀来新川二丁目,4,3,amagasehokataisyoubo.pdf,,high,
985,大字賀来1200番地の28,賀来新川15組の1,賀来新川二丁目,4,7,amagasehokataisyoubo.pdf,,high,資料上2回出現
986,大字賀来1200番地の30,賀来新川15組の2,賀来新川二丁目,4,17,amagasehokataisyoubo.pdf,,high,
987,大字賀来1200番地の31,賀来新川15組の2,賀来新川二丁目,4,16,amagasehokataisyoubo.pdf,,high,
988,大字賀来1200番地の32,賀来新川15組,賀来新川二丁目,4,14,amagasehokataisyoubo.pdf,,high,
989,大字賀来1200番地の32,賀来新川15組の2,賀来新川二丁目,4,14,amagasehokataisyoubo.pdf,,high,
990,大字賀来1200番地の33,賀来新川15組の2,賀来新川二丁目,4,12,amagasehokataisyoubo.pdf,,high,
991,大字賀来1200番地の34,賀来新川16組,賀来新川二丁目,1,23,amagasehokataisyoubo.pdf,,high,
992,大字賀来1200番地の35,賀来新川16組,賀来新川二丁目,1,27,amagasehokataisyoubo.pdf,,high,
993,大字賀来1200番地の36,賀来新川15組の2,賀来新川二丁目,5,1,amagasehokataisyoubo.pdf,,high,資料上2回出現
994,大字賀来1200番地の37,賀来新川15組の2,賀来新川二丁目,5,2,amagasehokataisyoubo.pdf,,high,資料上2回出現
995,大字賀来1200番地の38,賀来新川15組の2,賀来新川二丁目,5,5,amagasehokataisyoubo.pdf,,high,資料上2回出現
996,大字賀来1200番地の39,賀来新川15組の2,賀来新川二丁目,5,6,amagasehokataisyoubo.pdf,,high,
997,大字賀来1200番地の42,賀来新川16組,賀来新川二丁目,6,3,amagasehokataisyoubo.pdf,,high,資料上2回出現
998,大字賀来1200番地の43,賀来新川16組,賀来新川二丁目,6,5,amagasehokataisyoubo.pdf,,high,
999,大字賀来1200番地の44,賀来新川16組 ﾎﾟﾋﾟｨﾊｳｽ101,賀来新川二丁目,6,6,amagasehokataisyoubo.pdf,,high,
1000,大字賀来1200番地の44,ﾎﾟﾋﾟｨﾊｳｽ201号,賀来新川二丁目,6,6,amagasehokataisyoubo.pdf,,high,
1001,大字賀来1200番地の44,賀来新川16組,賀来新川二丁目,6,7,amagasehokataisyoubo.pdf,,high,
1002,大字賀来1200番地の45,賀来新川15組の2,賀来新川二丁目,5,21,amagasehokataisyoubo.pdf,,high,
1003,大字賀来1200番地の46,賀来新川15組の2,賀来新川二丁目,5,17,amagasehokataisyoubo.pdf,,high,
1004,大字賀来1200番地の47,賀来新川15組の2,賀来新川二丁目,5,16,amagasehokataisyoubo.pdf,,high,
1005,大字賀来1200番地の49,賀来新川15組の2,賀来新川二丁目,5,10,amagasehokataisyoubo.pdf,,high,
1006,大字賀来1200番地の50,賀来新川16組,賀来新川二丁目,6,20,amagasehokataisyoubo.pdf,,high,
1007,大字賀来1200番地の52,賀来新川16組,賀来新川二丁目,6,15,amagasehokataisyoubo.pdf,,high,
1008,大字賀来1200番地の53,賀来新川16組,賀来新川二丁目,6,14,amagasehokataisyoubo.pdf,,high,
1009,大字賀来1200番地の54,賀来新川16組,賀来新川二丁目,6,12,amagasehokataisyoubo.pdf,,high,
1010,大字賀来1200番地の55,賀来新川16組,賀来新川二丁目,7,3,amagasehokataisyoubo.pdf,,high,
1011,大字賀来1200番地の73,賀来新川15組の1,賀来新川二丁目,3,5,amagasehokataisyoubo.pdf,,high,
1012,大字賀来1200番地の74,賀来新川15組の1,賀来新川二丁目,2,11,amagasehokataisyoubo.pdf,,high,
1013,賀来1200番地の74,,賀来新川二丁目,2,11,amagasehokataisyoubo.pdf,,high,資料上通称の記載なし
1014,大字賀来1200番地の78,賀来新川15組の1,賀来新川二丁目,3,13,amagasehokataisyoubo.pdf,,high,
1015,大字賀来1200番地の79,賀来新川15組の1,賀来新川二丁目,3,15,amagasehokataisyoubo.pdf,,high,
1016,大字賀来字中河原1258番1,,賀来新川二丁目,2,1,amagasehokataisyoubo.pdf,,high,資料上通称の記載なし
1017,大字賀来1259番地の1,,賀来新川一丁目,1,26,amagasehokataisyoubo.pdf,,high,資料上通称の記載なし
1018,大字賀来1259番地の6,賀来新川4組,賀来新川一丁目,1,21,amagasehokataisyoubo.pdf,,high,
1019,大字賀来1259番地の7,賀来新川4組,賀来新川一丁目,1,22,amagasehokataisyoubo.pdf,,high,
1020,大字賀来1259番地の7,,賀来新川一丁目,1,22,amagasehokataisyoubo.pdf,,high,資料上通称の記載なし
1021,大字賀来1261番地,,賀来新川二丁目,1,15,amagasehokataisyoubo.pdf,,high,資料上通称の記載なし
1022,大字賀来中河原1261－1,,賀来新川二丁目,1,10,amagasehokataisyoubo.pdf,,high,資料上2回出現、資料上通称の記載なし
1023,大字賀来1261番地の2,賀来新川16組,賀来新川二丁目,1,34,amagasehokataisyoubo.pdf,,high,資料上2回出現
1024,大字賀来1261番地の4,賀来新川16組,賀来新川二丁目,1,36,amagasehokataisyoubo.pdf,,high,資料上3回出現
1025,大字賀来1267番地の1,賀来新川16組,賀来新川二丁目,1,39,amagasehokataisyoubo.pdf,,high,資料上2回出現
1026,大字賀来1267番地の2,賀来新川16組,賀来新川二丁目,1,41,amagasehokataisyoubo.pdf,,high,
1027,大字賀来1267番地の6,賀来新川16組,賀来新川二丁目,1,43,amagasehokataisyoubo.pdf,,high,
1028,大字賀来1267番地の7,賀来新川16組,賀来新川二丁目,1,42,amagasehokataisyoubo.pdf,,high,
1029,大字賀来1268番地,賀来新川16組,賀来新川二丁目,1,47,amagasehokataisyoubo.pdf,,high,
1030,大字賀来1268番地,賀来新川16組,賀来新川二丁目,1,50,amagasehokataisyoubo.pdf,,high,
1031,賀来1269番地1,,賀来新川二丁目,1,1,amagasehokataisyoubo.pdf,,high,資料上通称の記載なし
1032,賀来1269番地の1,,賀来新川二丁目,1,3,amagasehokataisyoubo.pdf,,high,資料上通称の記載なし
1033,大字賀来1269番地の3,賀来新川16組,賀来新川二丁目,1,5,amagasehokataisyoubo.pdf,,high,
1034,大字賀来1269の3,賀来新川,賀来新川二丁目,1,5,amagasehokataisyoubo.pdf,,high,
1035,大字賀来1272番地の3,賀来新川4組,賀来新川一丁目,1,13,amagasehokataisyoubo.pdf,,high,
1036,大字賀来字中河原1272番地の3,,賀来新川一丁目,1,13,amagasehokataisyoubo.pdf,,high,資料上通称の記載なし
1037,大字賀来1273番地の1,賀来新川4組,賀来新川一丁目,1,5,amagasehokataisyoubo.pdf,,high,
1038,大字賀来字中河原1273番地3,,賀来新川一丁目,1,1,amagasehokataisyoubo.pdf,,high,資料上通称の記載なし
1039,大字賀来1274番地の4,賀来新川4組,賀来新川一丁目,1,86,amagasehokataisyoubo.pdf,,high,
1040,大字賀来1274番地の5,賀来新川4組,賀来新川一丁目,1,84,amagasehokataisyoubo.pdf,,high,
1041,大字賀来1274番地の7,賀来新川4組,賀来新川一丁目,1,82,amagasehokataisyoubo.pdf,,high,
1042,賀来1278－1,,賀来新川一丁目,1,17,amagasehokataisyoubo.pdf,,high,資料上通称の記載なし
1043,賀来1278－1,,賀来新川一丁目,1,18,amagasehokataisyoubo.pdf,,high,資料上通称の記載なし
1044,大字賀来1280番地の1,賀来新川18組 ﾏﾝｼｮﾝ南大分101,賀来新川一丁目,1,32-101,amagasehokataisyoubo.pdf,,high,
1045,大字賀来1280番地の1,賀来新川18組 ﾏﾝｼｮﾝ南大分102,賀来新川一丁目,1,32-102,amagasehokataisyoubo.pdf,,high,
1046,大字賀来1280番地の1,賀来新川18組 ﾏﾝｼｮﾝ南大分103,賀来新川一丁目,1,32-103,amagasehokataisyoubo.pdf,,high,
1047,大字賀来1280番地の1,賀来新川18組 ﾏﾝｼｮﾝ南大分105,賀来新川一丁目,1,32-105,amagasehokataisyoubo.pdf,,high,
1048,大字賀来1280番地の1,賀来新川18組 ﾏﾝｼｮﾝ南大分106,賀来新川一丁目,1,32-106,amagasehokataisyoubo.pdf,,high,
1049,大字賀来1280番地の1,賀来新川18組 ﾏﾝｼｮﾝ南大分201,賀来新川一丁目,1,32-201,amagasehokataisyoubo.pdf,,high,
1050,大字賀来1280番地の1,賀来新川18組 ﾏﾝｼｮﾝ南大分202,賀来新川一丁目,1,32-202,amagasehokataisyoubo.pdf,,high,
1051,大字賀来1280番地の1,賀来新川18組 ﾏﾝｼｮﾝ南大分203,賀来新川一丁目,1,32-203,amagasehokataisyoubo.pdf,,high,
1052,大字賀来1280番地の1,賀来新川18組 ﾏﾝｼｮﾝ南大分205,賀来新川一丁目,1,32-205,amagasehokataisyoubo.pdf,,high,
1053,大字賀来1280番地の1,賀来新川18組 ﾏﾝｼｮﾝ南大分206,賀来新川一丁目,1,32-206,amagasehokataisyoubo.pdf,,high,
1054,大字賀来1280番地の1,賀来新川18組 ﾏﾝｼｮﾝ南大分301,賀来新川一丁目,1,32-301,amagasehokataisyoubo.pdf,,high,
1055,大字賀来1280番地の1,賀来新川18組 ﾏﾝｼｮﾝ南大分302,賀来新川一丁目,1,32-302,amagasehokataisyoubo.pdf,,high,
1056,大字賀来1280番地の1,賀来新川18組 ﾏﾝｼｮﾝ南大分303,賀来新川一丁目,1,32-303,amagasehokataisyoubo.pdf,,high,
1057,大字賀来1280番地の1,賀来新川18組 ﾏﾝｼｮﾝ南大分305,賀来新川一丁目,1,32-305,amagasehokataisyoubo.pdf,,high,
1058,大字賀来1280番地の1,賀来新川18組 ﾏﾝｼｮﾝ南大分306,賀来新川一丁目,1,32-306,amagasehokataisyoubo.pdf,,high,
1059,大字賀来1280番地の1,賀来新川18組 ﾏﾝｼｮﾝ南大分401,賀来新川一丁目,1,32-401,amagasehokataisyoubo.pdf,,high,資料上2回出現
1060,大字賀来1280番地の1,賀来新川18組 ﾏﾝｼｮﾝ南大分402号,賀来新川一丁目,1,32-402,amagasehokataisyoubo.pdf,,high,
1061,大字賀来1280番地の1,賀来新川18組 ﾏﾝｼｮﾝ南大分403,賀来新川一丁目,1,32-403,amagasehokataisyoubo.pdf,,high,
1062,大字賀来1280番地の1,賀来新川18組 ﾏﾝｼｮﾝ南大分405,賀来新川一丁目,1,32-405,amagasehokataisyoubo.pdf,,high,
1063,大字賀来1280番地の1,賀来新川18組 ﾏﾝｼｮﾝ南大分406,賀来新川一丁目,1,32-406,amagasehokataisyoubo.pdf,,high,
1064,大字賀来1280番地の4,賀来新川3組,賀来新川一丁目,1,43,amagasehokataisyoubo.pdf,,high,
1065,大字賀来1280番地の4,,賀来新川一丁目,1,43,amagasehokataisyoubo.pdf,,high,資料上通称の記載なし
1066,大字賀来1280番地の6,賀来新川3組,賀来新川一丁目,1,46,amagasehokataisyoubo.pdf,,high,資料上2回出現
1067,大字賀来1280番地の8,賀来新川3組,賀来新川一丁目,1,44,amagasehokataisyoubo.pdf,,high,
1068,賀来新川1280番地の8,賀来新川3組,賀来新川一丁目,1,44,amagasehokataisyoubo.pdf,,high,
1069,大字賀来1280番地の9,賀来新川18組 ｳｲｽﾃﾘｱ1－101,賀来新川一丁目,1,35-101,amagasehokataisyoubo.pdf,,high,
1070,大字賀来1280番地の9,賀来新川18組 ｳｲｽﾃﾘｱ1－102,賀来新川一丁目,1,35-102,amagasehokataisyoubo.pdf,,high,
1071,大字賀来1280番地の9,賀来新川18組 ｳｲｽﾃﾘｱ1－103,賀来新川一丁目,1,35-103,amagasehokataisyoubo.pdf,,high,
1072,大字賀来1280番地の9,賀来新川18組 ｳｲｽﾃﾘｱ1－105,賀来新川一丁目,1,35-105,amagasehokataisyoubo.pdf,,high,
1073,大字賀来1280番地の9,賀来新川18組 ｳｲｽﾃﾘｱ1－201,賀来新川一丁目,1,35-201,amagasehokataisyoubo.pdf,,high,
1074,大字賀来1280番地の9,賀来新川18組 ｳｲｽﾃﾘｱⅠ202,賀来新川一丁目,1,35-202,amagasehokataisyoubo.pdf,,high,
1075,大字賀来1280番地の9,賀来新川18組 ｳｲｽﾃﾘｱ1－203,賀来新川一丁目,1,35-203,amagasehokataisyoubo.pdf,,high,
1076,大字賀来1280番地の9,賀来新川18組 ｳｲｽﾃﾘｱⅠ205,賀来新川一丁目,1,35-205,amagasehokataisyoubo.pdf,,high,
1077,大字賀来1280番地の9,賀来新川18組 ｳｲｽﾃﾘｱⅠ301,賀来新川一丁目,1,35-301,amagasehokataisyoubo.pdf,,high,
1078,大字賀来1280番地の9,賀来新川18組 ｳｲｽﾃﾘｱ1－302,賀来新川一丁目,1,35-302,amagasehokataisyoubo.pdf,,high,
1079,大字賀来1280番地の9,賀来新川18組 ｳｲｽﾃﾘｱⅠ303,賀来新川一丁目,1,35-303,amagasehokataisyoubo.pdf,,high,
1080,大字賀来1280番地の9,賀来新川18組 ｳｲｽﾃﾘｱ1－305,賀来新川一丁目,1,35-305,amagasehokataisyoubo.pdf,,high,
1081,大字賀来1282番地の2,賀来新川3組,賀来新川一丁目,1,50,amagasehokataisyoubo.pdf,,high,
1082,大字賀来字新川1282－6リッチフィールドビル,賀来1282－6,賀来新川一丁目,1,52,amagasehokataisyoubo.pdf,,high,
1083,大字賀来1282番地の6,ﾘｯﾁﾌｨｰﾙﾄﾞﾋﾞﾙ1階,賀来新川一丁目,1,52,amagasehokataisyoubo.pdf,,high,資料上2回出現
1084,大字賀来1282番地の6,ﾘｯﾁﾌｨｰﾙﾄﾞﾋﾞﾙ2階,賀来新川一丁目,1,52,amagasehokataisyoubo.pdf,,high,
1085,大字賀来1283番地の1,賀来新川3組,賀来新川一丁目,1,49,amagasehokataisyoubo.pdf,,high,資料上3回出現
1086,大字賀来1283番地の6,賀来新川3組,賀来新川一丁目,1,57,amagasehokataisyoubo.pdf,,high,
1087,大字賀来1283番地の7,賀来新川3組,賀来新川一丁目,1,56,amagasehokataisyoubo.pdf,,high,
1088,大字賀来1283番地の8,賀来新川3組,賀来新川一丁目,1,55,amagasehokataisyoubo.pdf,,high,資料上2回出現
1089,大字賀来1286番地の1,賀来新川3組,賀来新川一丁目,1,67,amagasehokataisyoubo.pdf,,high,
1090,大字賀来1286番地の3,賀来新川3組,賀来新川一丁目,1,64,amagasehokataisyoubo.pdf,,high,
1091,大字賀来1286番地の3,,賀来新川一丁目,1,64,amagasehokataisyoubo.pdf,,high,資料上2回出現、資料上通称の記載なし
1092,大字賀来1286番地の5,賀来新川3組,賀来新川一丁目,1,65,amagasehokataisyoubo.pdf,,high,
1093,大字賀来1286番地の6,賀来新川3組,賀来新川一丁目,1,63,amagasehokataisyoubo.pdf,,high,
1094,大字賀来1286番地の9,賀来新川3組,賀来新川一丁目,1,66,amagasehokataisyoubo.pdf,,high,資料上3回出現
1095,大字賀来1288番地,賀来新川3組 ｱﾄﾘｵおもてA101,賀来新川一丁目,1,74,amagasehokataisyoubo.pdf,,high,
1096,大字賀来1288番地,賀来新川3組 ｱﾄﾘｵおもてA102,賀来新川一丁目,1,74,amagasehokataisyoubo.pdf,,high,
1097,大字賀来1288番地,賀来新川3組 ｱﾄﾘｵおもてA201,賀来新川一丁目,1,74,amagasehokataisyoubo.pdf,,high,
1098,大字賀来1288番地,賀来新川3組 ｱﾄﾘｵおもてA202,賀来新川一丁目,1,74,amagasehokataisyoubo.pdf,,high,
1099,大字賀来1288番地,賀来新川3組 ｱﾄﾘｵおもてB101,賀来新川一丁目,1,75,amagasehokataisyoubo.pdf,,high,
1100,大字賀来1288番地,賀来新川3組 ｱﾄﾘｵおもてB102,賀来新川一丁目,1,75,amagasehokataisyoubo.pdf,,high,
1101,大字賀来1288番地,賀来新川3組 ｱﾄﾘｵおもてB201,賀来新川一丁目,1,75,amagasehokataisyoubo.pdf,,high,
1102,大字賀来1288番地,賀来新川3組 ｱﾄﾘｵおもてB202,賀来新川一丁目,1,75,amagasehokataisyoubo.pdf,,high,
1103,大字賀来1291番地の2,賀来新川2組,賀来新川一丁目,2,72,amagasehokataisyoubo.pdf,,high,
1104,大字賀来1291番地の6,賀来新川2組,賀来新川一丁目,2,69,amagasehokataisyoubo.pdf,,high,
1105,大字賀来1291番地の7,賀来新川2組,賀来新川一丁目,2,66,amagasehokataisyoubo.pdf,,high,
1106,大字賀来1292番地の1,賀来新川4組,賀来新川一丁目,2,78,amagasehokataisyoubo.pdf,,high,
1107,大字賀来1292番地の3,賀来新川4組,賀来新川一丁目,2,81,amagasehokataisyoubo.pdf,,high,
1108,大字賀来1293番地の1,賀来新川4組,賀来新川一丁目,2,83,amagasehokataisyoubo.pdf,,high,
1109,大字賀来1293番地の2,賀来新川4組,賀来新川一丁目,2,86,amagasehokataisyoubo.pdf,,high,
1110,大字賀来1293番地の3,賀来新川4組,賀来新川一丁目,2,84,amagasehokataisyoubo.pdf,,high,資料上3回出現
1111,大字賀来1293番地の3,,賀来新川一丁目,2,84,amagasehokataisyoubo.pdf,,high,資料上2回出現、資料上通称の記載なし
1112,大字賀来1294番地の1,賀来新川2組,賀来新川一丁目,2,25,amagasehokataisyoubo.pdf,,high,
1113,大字賀来1294番地の1,賀来新川2組,賀来新川一丁目,2,27,amagasehokataisyoubo.pdf,,high,
1114,大字賀来1294番地の2,賀来新川2組,賀来新川一丁目,2,28,amagasehokataisyoubo.pdf,,high,資料上2回出現
1115,大字賀来1295番地の3,賀来新川2組,賀来新川一丁目,2,54,amagasehokataisyoubo.pdf,,high,資料上2回出現
1116,大字賀来1295番地の4,賀来新川2組,賀来新川一丁目,2,45,amagasehokataisyoubo.pdf,,high,
1117,大字賀来1295番地の6,賀来新川2組,賀来新川一丁目,2,43,amagasehokataisyoubo.pdf,,high,
1118,大字賀来1295番地の7,賀来新川2組,賀来新川一丁目,2,39,amagasehokataisyoubo.pdf,,high,
1119,大字賀来1295番地の10,賀来新川2組,賀来新川一丁目,2,33,amagasehokataisyoubo.pdf,,high,
1120,大字賀来1295番地の11,賀来新川2組,賀来新川一丁目,2,31,amagasehokataisyoubo.pdf,,high,
1121,大字賀来1295番地の13,賀来新川2組,賀来新川一丁目,2,22,amagasehokataisyoubo.pdf,,high,
1122,大字賀来1295番地の15,賀来新川2組,賀来新川一丁目,2,13,amagasehokataisyoubo.pdf,,high,
1123,大字賀来1295番地の16,賀来新川2組,賀来新川一丁目,2,11,amagasehokataisyoubo.pdf,,high,
1124,大字賀来1295番地の18,賀来新川2組,賀来新川一丁目,2,6,amagasehokataisyoubo.pdf,,high,資料上2回出現
1125,大字賀来1295番地の19,賀来新川2組,賀来新川一丁目,2,7,amagasehokataisyoubo.pdf,,high,
1126,大字賀来1295番地の20,賀来新川2組 ｺｰﾎﾟ守田101,賀来新川一丁目,2,4,amagasehokataisyoubo.pdf,,high,
1127,大字賀来1295番地の20,賀来新川2組 ｺｰﾎﾟ守田102,賀来新川一丁目,2,4,amagasehokataisyoubo.pdf,,high,
1128,大字賀来1295番地の20,賀来新川2組 ｺｰﾎﾟ守田201,賀来新川一丁目,2,4,amagasehokataisyoubo.pdf,,high,
1129,大字賀来1295番地の20,賀来新川2組 ｺｰﾎﾟ守田202,賀来新川一丁目,2,4,amagasehokataisyoubo.pdf,,high,
1130,大字賀来1295番地の28,賀来新川2組,賀来新川一丁目,2,1,amagasehokataisyoubo.pdf,,high,資料上2回出現
1131,大字賀来1296番地,賀来新川2組,賀来新川一丁目,2,34,amagasehokataisyoubo.pdf,,high,資料上2回出現
1132,大字賀来1296番地の2,,賀来新川一丁目,2,44,amagasehokataisyoubo.pdf,,high,資料上通称の記載なし
1133,大字賀来1296番地の3,賀来新川2組,賀来新川一丁目,2,35,amagasehokataisyoubo.pdf,,high,
1134,大字賀来1297番地の3,賀来新川2組,賀来新川一丁目,2,61,amagasehokataisyoubo.pdf,,high,資料上2回出現
1135,大字賀来1303番地の2,賀来新川2組,賀来新川一丁目,2,18,amagasehokataisyoubo.pdf,,high,
1136,大字賀来1303番地の5,賀来新川2組,賀来新川一丁目,2,19,amagasehokataisyoubo.pdf,,high,
1137,大字賀来1303番地の6,賀来新川2組,賀来新川一丁目,2,20,amagasehokataisyoubo.pdf,,high,
1138,大字賀来1303番地の8,賀来新川2組,賀来新川一丁目,2,15,amagasehokataisyoubo.pdf,,high,
1139,大字賀来1304番地の1,賀来新川1組,賀来新川一丁目,3,29,amagasehokataisyoubo.pdf,,high,資料上2回出現
1140,大字賀来1304番地の2,賀来新川1組,賀来新川一丁目,3,28,amagasehokataisyoubo.pdf,,high,資料上2回出現
1141,大字賀来1304番地の3,賀来新川1組,賀来新川一丁目,3,26,amagasehokataisyoubo.pdf,,high,
1142,大字賀来1304番地の4,賀来新川1組,賀来新川一丁目,3,25,amagasehokataisyoubo.pdf,,high,
1143,大字賀来1304番地の5,賀来新川1組,賀来新川一丁目,3,24,amagasehokataisyoubo.pdf,,high,
1144,大字賀来1304番地の6,賀来新川1組,賀来新川一丁目,3,9,amagasehokataisyoubo.pdf,,high,
1145,大字賀来1304番地の7,賀来新川1組,賀来新川一丁目,3,8,amagasehokataisyoubo.pdf,,high,
1146,大字賀来1304番地の8,賀来新川1組,賀来新川一丁目,3,7,amagasehokataisyoubo.pdf,,high,
1147,大字賀来1304番地の9,賀来新川1組,賀来新川一丁目,3,6,amagasehokataisyoubo.pdf,,high,
1148,大字賀来1304番地の10,賀来新川1組,賀来新川一丁目,3,4,amagasehokataisyoubo.pdf,,high,
1149,大字賀来1304番地の11,賀来新川1組,賀来新川一丁目,3,3,amagasehokataisyoubo.pdf,,high,
1150,大字賀来1304番地の12,賀来新川1組,賀来新川一丁目,3,1,amagasehokataisyoubo.pdf,,high,
1151,大字賀来1304番地の13,賀来新川1組,賀来新川一丁目,3,17,amagasehokataisyoubo.pdf,,high,
1152,大字賀来1304番地の15,賀来新川1組,賀来新川一丁目,3,21,amagasehokataisyoubo.pdf,,high,
1153,大字賀来1304番地の17,賀来新川1組,賀来新川一丁目,3,15,amagasehokataisyoubo.pdf,,high,
1154,大字賀来1304番地の18,賀来新川1組,賀来新川一丁目,3,14,amagasehokataisyoubo.pdf,,high,
1155,大字賀来1304番地の19,賀来新川1組,賀来新川一丁目,3,12,amagasehokataisyoubo.pdf,,high,
1156,大字賀来1306番地の1,賀来新川1組 WINDOM賀来新川101,賀来新川一丁目,5,1-101,amagasehokataisyoubo.pdf,,high,
1157,大字賀来1306番地の1,賀来新川1組 WINDOM賀来新川102,賀来新川一丁目,5,1-102,amagasehokataisyoubo.pdf,,high,
1158,大字賀来1306番地の1,賀来新川1組 WINDOM賀来新川103,賀来新川一丁目,5,1-103,amagasehokataisyoubo.pdf,,high,
1159,大字賀来1306番地の1,賀来新川1組 WINDOM賀来新川105,賀来新川一丁目,5,1-105,amagasehokataisyoubo.pdf,,high,
1160,大字賀来1306番地の1,賀来新川1組 WINDOM賀来新川201,賀来新川一丁目,5,1-201,amagasehokataisyoubo.pdf,,high,
1161,大字賀来1306番地の1,賀来新川1組 WINDOM賀来新川202,賀来新川一丁目,5,1-202,amagasehokataisyoubo.pdf,,high,
1162,大字賀来1306番地の1,賀来新川1組 WINDOM賀来新川203,賀来新川一丁目,5,1-203,amagasehokataisyoubo.pdf,,high,
1163,大字賀来1306番地の1,賀来新川1組 WINDOM賀来新川205,賀来新川一丁目,5,1-205,amagasehokataisyoubo.pdf,,high,
1164,大字賀来1306番地の1,賀来新川1組 WINDOM賀来新川301,賀来新川一丁目,5,1-301,amagasehokataisyoubo.pdf,,high,
1165,大字賀来1306番地の1,賀来新川1組 WINDOM賀来新川302,賀来新川一丁目,5,1-302,amagasehokataisyoubo.pdf,,high,
1166,大字賀来1306番地の1,賀来新川1組 WINDOM賀来新川303,賀来新川一丁目,5,1-303,amagasehokataisyoubo.pdf,,high,
1167,大字賀来1306番地の1,賀来新川1組 WINDOM賀来新川305,賀来新川一丁目,5,1-305,amagasehokataisyoubo.pdf,,high,
